time,pressure_GS_5,temperature_GS_5,void_GS_5
0,0,0,0
0.001,3046075.2454058,512.5133599947,0.008312715113687
0.002,2906609.1233025,512.64515038117,0.016662371823451
0.003,2837383.7194436,512.86247771397,0.028418279090504
0.004,2731480.3844013,513.40081569636,0.032331043710972
0.005,2667211.8671729,513.8095886174,0.038031208203299
0.006,2587452.8457349,514.3405837457,0.065573562193491
0.007,2525746.5060302,514.47237444735,0.090535176103433
0.008,2491285.6060297,514.47438810815,0.11102532322782
0.009,2475828.8380403,514.47640179934,0.11672853321444
0.01,2467724.8397366,514.47838162524,0.12153459652251
0.011,2460648.6544136,514.38325604104,0.12465381526104
0.012,2460585.7807427,514.09295125579,0.12856638430673
0.013,2445469.5879379,513.57121805522,0.1314
0.014,2420599.8527856,513.18835707831,0.13291662951404
0.015,2401258.4540434,512.88917812836,0.1349
0.016,2400118.9398025,512.67311955784,0.13647359500446
0.017,2400056.1936814,512.4671981801,0.1376
0.018,2384939.3158983,512.28770462809,0.1376
0.019,2384876.573046,512.15989218254,0.13741039783002
0.02,2384814.5201936,511.76917413331,0.1042
0.021,2384751.776758,511.2331395976,0.1033
0.022,2384689.0334889,510.82709449946,0.10593941150245
0.023,2384626.2906365,510.61025785072,0.11243343736068
0.024,2384563.5477841,510.40507027804,0.11992064199733
0.025,2384500.8049318,510.12909458185,0.1262
0.026,2384438.0623406,509.24723956636,0.12651772151899
0.027,2384375.319227,508.39319183678,0.1191311922366
0.028,2384312.5763747,507.48096375514,0.10972616357885
0.029,2384249.8348812,507.24738527947,0.1087
0.03,2399241.2288694,507.18897548235,0.1078
0.031,2399178.4902266,506.99174746165,0.10809251003121
0.032,2399115.7446485,506.86392873742,0.11210499331253
0.033,2399053.0000703,506.62092012898,0.1158
0.034,2398989.5727672,506.47845980778,0.1199303611235
0.035,2413981.6554157,506.32894126367,0.12304926437807
0.036,2413918.9152284,506.09313740348,0.12696189839572
0.037,2413856.172376,505.96533575867,0.12998068688671
0.038,2413793.4263883,505.89088137197,0.13220597414177
0.039,2413730.6836907,505.70969800832,0.13443129736959
0.04,2425656.6980453,505.59888155475,0.13610215439856
0.041,2428659.3333361,505.4541151476,0.137
0.042,2428596.5963137,505.45607388245,0.1388
0.043,2428533.8500814,505.45808761192,0.1397
0.044,2428471.1102642,505.33026867406,0.1397
0.045,2428408.3667566,505.33228228477,0.13894918625678
0.046,2428345.6239042,505.20446345732,0.13498561736771
0.047,2428282.8810519,505.20646844255,0.13101446654611
0.048,2428220.1382266,505.0786582149,0.12704633815552
0.049,2428157.3953471,504.95083926523,0.12307680831826
0.05,2428094.6524948,504.91880837278,0.1222
0.051,2428031.9107672,504.82503404503,0.1231
0.052,2427969.16679,504.82704776276,0.1231
0.053,2427906.4239377,504.82906139702,0.12576749888542
0.054,2427843.6823078,504.83102964812,0.13146778074866
0.055,2427780.9377297,504.83303324901,0.13448644672314
0.056,2427718.1943806,504.83504677152,0.13757154326494
0.057,2427655.4548485,504.83704757108,0.14062457627119
0.058,2427592.7102703,504.83901865374,0.1417
0.059,2427529.9658235,504.84103224766,0.14328733838609
0.06,2427467.2255325,504.8430458755,0.14459473918859
0.061,2427404.4801187,504.8450158583,0.1479
0.062,2427341.7382328,504.84701772748,0.1497
0.063,2427278.994414,504.97880861059,0.15195751226037
0.064,2427216.2553515,504.98082195166,0.1532
0.065,2427153.5077093,504.98279815689,0.15465131520285
0.066,2427090.7711306,505.11462638448,0.1559
0.067,2427028.0268922,505.11660596101,0.1568
0.068,2426965.282314,505.24843065172,0.1586
0.069,2426902.5425735,505.2503949405,0.1595
0.07,2426839.7994328,505.25240235199,0.1604
0.071,2426777.0548546,505.25436058146,0.1604
0.072,2426714.7246579,505.25641281225,0.1604
0.073,2426652.260164,505.25836333228,0.1595
0.074,2426589.5163952,505.18488115808,0.1595
0.075,2426526.7718171,505.13258256409,0.1587
0.076,2426464.0316069,505.13459633576,0.1578
0.077,2426401.2887545,505.00677738626,0.1578
0.078,2426338.5443577,504.86088005224,0.1578
0.079,2426275.8030498,504.62136266338,0.1578447486535
0.08,2426213.0601975,504.49354380455,0.1579
0.081,2426150.3158983,504.49555739437,0.1588
0.082,2426087.5672191,504.36773850695,0.1588
0.083,2426024.8306404,504.47829291455,0.1597
0.084,2425962.0871374,504.75745216769,0.1606
0.085,2425899.3449356,505.03661132083,0.1623
0.086,2425836.5986104,505.41416246937,0.1641
0.087,2425773.8592309,505.54596654172,0.16527686134641
0.088,2425711.1163785,505.67775713695,0.1659
0.089,2425648.3735262,505.67977076589,0.1668
0.09,2425585.6306738,505.68174044853,0.1677
0.091,2425522.8878214,505.6837387218,0.16881547035221
0.092,2425460.1439691,505.81553330575,0.17007530093625
0.093,2425397.4011167,505.81754684205,0.16975018348624
0.094,2425334.6582643,505.68972799238,0.14711596091205
0.095,2425271.9159044,505.56191077708,0.14063442622951
0.096,2425209.1725596,505.22285179602,0.13789371351594
0.097,2425146.4297072,504.94685439208,0.13751289009498
0.098,2425083.6884451,504.65929376918,0.137
0.099,2425020.9440025,504.27191317009,0.13737011596789
0.1,2424958.2011501,504.11885185833,0.1379
0.101,2424895.4609857,503.88648250923,0.14003303611235
0.102,2424832.7164075,503.75868229822,0.14217374052608
0.103,2424769.9708294,503.55080089664,0.14438328131966
0.104,2424707.2287407,503.27480355437,0.14918974587606
0.105,2424644.4879481,502.99880615044,0.15230864913063
0.106,2424581.7430359,502.85274959619,0.15443397235845
0.107,2424518.9953025,502.60042432193,0.15755287561302
0.108,2424456.2573312,502.47262523353,0.1592
0.109,2424393.5159106,502.34484217158,0.16011631016043
0.11,2424330.7716265,502.34680016549,0.1627
0.111,2424268.0330294,502.34881381225,0.1645
0.112,2424205.9774512,502.3507786923,0.1654
0.113,2424143.232873,502.35278566424,0.1654
0.114,2424080.49457,502.35479936177,0.1654
0.115,2424017.7499918,502.39472716855,0.1637
0.116,2423955.0054137,502.48860374698,0.1628
0.117,2423892.2669336,502.56419327587,0.1619
0.118,2423829.5225324,502.75218497563,0.16147738579828
0.119,2423766.7769543,502.99289371736,0.1602
0.12,2423704.0373765,503.27542991469,0.1602
0.121,2423641.294073,503.42159257778,0.1585
0.122,2423578.5494949,503.66877609926,0.1576
0.123,2423515.8088194,503.54100513899,0.1576
0.124,2423453.065967,503.54298441026,0.1576
0.125,2423390.316841,503.54499830943,0.1594
0.126,2423327.5802623,503.54696728874,0.1594
0.127,2423264.8356664,503.42683319992,0.1594
0.128,2423202.0945576,503.291374053,0.15944445442299
0.129,2423139.3471394,503.29338785379,0.1595
0.13,2423076.6078528,503.0357717161,0.1586
0.131,2423013.8638847,503.03777770807,0.1586
0.132,2422951.1215386,502.82680327837,0.15986112349532
0.133,2422888.3792957,502.78216774621,0.16377360677664
0.134,2422825.6364434,502.66473588873,0.16947365135979
0.135,2422762.893591,502.52652980132,0.17517369594293
0.136,2422700.1507386,502.39875550645,0.18176739518287
0.137,2422637.4078863,502.27094770894,0.18568046387154
0.138,2422574.6650339,502.27293489086,0.19138024966563
0.139,2422511.9221815,502.27491946093,0.19792122157824
0.14,2422449.1793292,502.27693313413,0.21846712756467
0.141,2413732.9715266,502.27894681291,0.23111667409719
0.142,2392215.907657,502.28090483543,0.24118556149733
0.143,2392153.3625509,502.28291852962,0.2433
0.144,2377035.7860475,502.28491501954,0.2442
0.145,2376973.5140034,502.28692100203,0.24231103074141
0.146,2376910.9963682,502.2889039394,0.2407
0.147,2376848.2512867,502.29091761903,0.23880452079566
0.148,2376785.5036381,502.29288335705,0.2372
0.149,2376722.7670594,502.16511220389,0.2381
0.15,2377567.2283512,502.16707054199,0.2408
0.151,2391651.4195541,502.16906858771,0.24433171275647
0.152,2391588.6767018,502.1710978367,0.24735100401606
0.153,2391525.9338494,502.17308057152,0.24873606557377
0.154,2391463.190997,502.1750695314,0.24342870159453
0.155,2391400.4481447,502.17708329768,0.2382
0.156,2391337.7052923,502.17909682611,0.23595804701627
0.157,2391274.9624399,502.18105504967,0.23203327305606
0.158,2391212.2185876,502.18306872768,0.22802318120199
0.159,2391149.4757352,502.13474143985,0.2239868852459
0.16,2391086.7328828,502.05726345199,0.21771557377049
0.161,2391023.9900305,501.92944457125,0.2136
0.162,2390961.2471781,501.69676054762,0.2121856238698
0.163,2390898.5043258,501.29071543514,0.21463722692822
0.164,2390835.7620601,501.01471311716,0.23523053945609
0.165,2390773.018621,500.67007112821,0.25929817209095
0.166,2390710.2757687,501.03083114272,0.27809237628177
0.167,2390646.8400093,501.2924193904,0.29686415514935
0.168,2390584.1000639,501.55404256424,0.33487659384753
0.169,2390521.3527057,501.45474055321,0.34752687165775
0.17,2390458.6143592,501.29840469777,0.37427537912578
0.171,2390395.8725631,501.30041848213,0.38166286223807
0.172,2390333.1286545,501.1725995447,0.38736290682122
0.173,2390270.3858021,501.04478059503,0.39216951871658
0.174,2390208.3341038,500.91696420823,0.40750000000007
0.175,2390145.5895256,500.78919850265,0.4198
0.176,2390082.846245,500.66137955298,0.4198
0.177,2390020.1066444,500.66338740207,0.4207
0.178,2389957.3620662,500.53557442499,0.41071883988494
0.179,2389894.6176561,500.5375323553,0.34859599604547
0.18,2389831.878185,500.36869845162,0.33304336900884
0.181,2389769.5350471,500.15217319603,0.32270923787529
0.182,2389707.0790287,500.02435431742,0.30240642076503
0.183,2389644.3407256,499.89653549139,0.29707189066059
0.184,2389581.5961474,499.65465726517,0.295
0.185,2389518.8505693,499.51112061987,0.295
0.186,2389456.111995,499.51313441671,0.2941
0.187,2389393.3676881,499.51513151738,0.2941
0.188,2389330.6231099,499.51710611142,0.29567921498662
0.189,2389267.8820696,499.51908793079,0.31795978600089
0.19,2389205.1398716,499.52113340612,0.32624076717217
0.191,2389142.3914595,499.39331460364,0.35557088720464
0.192,2389079.6548808,499.39532812616,0.39969407044137
0.193,2389016.3027321,499.39728650935,0.42286812304949
0.194,2388953.4781911,499.39929997815,0.44951729826126
0.195,2382358.170043,499.27148102848,0.47537249219795
0.196,2373774.5398082,499.27349475795,0.53875724476148
0.197,2373711.8014195,499.1456583267,0.54961957200178
0.198,2373649.056927,499.14768946736,0.61211034329024
0.199,2373586.3123488,499.01981711994,0.57036594027438
0.2,2373523.5728624,498.87860611272,0.4811366216845
0.201,2373460.8294676,498.63445597273,0.46998546697039
0.202,2373398.0848894,498.50663686689,0.46756039783002
0.203,2373335.3443053,498.37884438891,0.46706672694394
0.204,2373272.6014529,498.16458933092,0.48894373606777
0.205,2373209.85743,497.99345878577,0.49990566205974
0.206,2373147.1157482,497.86564000298,0.53092353990192
0.207,2373084.3718958,497.72652675857,0.53743018279091
0.208,2373021.6289706,497.48022513146,0.5417
0.209,2372958.8861911,497.48218328506,0.5427
0.21,2372896.1405893,497.48419688344,0.46781806560908
0.211,2372833.4004864,497.48617480898,0.40721876950513
0.212,2372770.6520623,497.48822423543,0.41470619982159
0.213,2372707.9147816,497.49018227447,0.42566831550802
0.214,2372645.1698076,497.49219607526,0.50288515381186
0.215,2372582.4290769,497.49420960993,0.52880760986065
0.216,2372520.3752245,497.36639093449,0.50544990825688
0.217,2372457.6323722,497.36840448974,0.49479963031423
0.218,2372394.8895198,497.37038401601,0.48753624772313
0.219,2372332.1466674,497.37237624172,0.48259534568459
0.22,2372269.4038151,497.37438978684,0.4812
0.221,2372206.6609627,497.37640032404,0.47811850200624
0.222,2372143.9181103,497.37836161623,0.48639968791797
0.223,2387135.3124575,497.34052079366,0.5337625000001
0.224,2387072.5733222,497.25252578697,0.62458733838609
0.225,2387009.828744,496.99493765298,0.7238136870263
0.226,2386947.0841659,496.8671416245,0.73120129291128
0.227,2386884.341048,496.62654824165,0.74650615247437
0.228,2386821.6012846,496.48172675298,0.7697063753901
0.229,2386758.8567065,496.33449254173,0.77888114132858
0.23,2401750.25663,496.09631212822,0.7824
0.231,2401687.5120519,495.96852482504,0.78234471689701
0.232,2401624.7674737,495.89652527836,0.7825
0.233,2401562.028407,495.8427040434,0.7712250000001
0.234,2401499.2782809,495.84470164106,0.6355
0.235,2401436.5363252,495.84666044721,0.6337
0.236,2401373.7969893,495.84867339305,0.6346
0.237,2401311.0559975,495.98050523797,0.6373
0.238,2401248.3068715,496.11227678833,0.64297614801605
0.239,2401185.5702928,496.24407118845,0.6564862745098
0.24,2401122.8274404,496.63548272649,0.66485318769505
0.241,2386005.9458689,497.02690132396,0.67492153366028
0.242,2370889.0630642,497.28852458263,0.69889072670531
0.243,2361190.4315635,497.16070581424,0.70812385198395
0.244,2341848.3975356,496.87445403695,0.71644551939367
0.245,2307388.6801161,496.77529086831,0.721
0.246,2288047.0686179,496.58252970224,0.72519063753901
0.247,2268706.0243364,496.26006345944,0.7307
0.248,2250080.1790792,495.90054184865,0.7374201515827
0.249,2250017.4319763,495.36450069225,0.74573932233616
0.25,2234900.5551749,495.08845164517,0.75486843513152
0.251,2206460.6196257,494.55242641227,0.7658767618198
0.252,2174559.1993985,494.01641126679,0.78557614801605
0.253,2159442.3183467,493.80580715151,0.78948863129737
0.254,2148438.9281074,493.67795235944,0.7925
0.255,2144217.9723496,493.44838124911,0.79825138269402
0.256,2120568.3268127,493.30241963456,0.80390762371824
0.257,2090414.8760023,493.16475447141,0.81139522960321
0.258,2068804.4566725,493.03697976656,0.81620129291128
0.259,2053687.5757515,492.90917232106,0.82004908604548
0.26,2047511.6676385,492.78135334245,0.82581422202408
0.261,2038507.9483686,492.65355525122,0.8287
0.262,2038445.2098057,492.55638602612,0.83721431119037
0.263,2038382.4654874,492.39790192735,0.8418
0.264,2030627.5241371,492.26437367749,0.84418520499109
0.265,2023202.8371044,492.1183275051,0.8481
0.266,2023140.0929231,491.884718612,0.8502835042354
0.267,2023077.3542232,491.7568997298,0.8534
0.268,2023014.6096451,491.55033249104,0.85553267944717
0.269,2022951.8650669,491.37149889636,0.8569
0.27,2007835.6731465,491.24371530074,0.8596
0.271,2007772.9294618,491.11590276589,0.8605
0.272,2007710.1883809,490.96629258744,0.8596
0.273,2007646.7597725,490.73048783041,0.8596
0.274,2007584.0164997,490.6026689447,0.8588
0.275,2007521.9580523,490.39828598582,0.85618991862568
0.276,1995095.2828912,490.21725417318,0.85403300180832
0.277,1992342.3341481,490.08939405064,0.85187649186257
0.278,1986652.7761039,489.83183930166,0.85
0.279,1962108.5720444,489.70402052743,0.85
0.28,1946991.6909925,489.5762409374,0.85
0.281,1931874.8085945,489.39224211493,0.8536
0.282,1924409.179479,489.32061930993,0.8607
0.283,1916695.8702116,489.10022503502,0.86485122603656
0.284,1901578.9877109,489.0649899185,0.86878890374332
0.285,1886462.106659,488.80819321157,0.87270160427808
0.286,1877283.6645829,488.67961501275,0.8748
0.287,1871282.4827548,488.55176310811,0.8739
0.288,1871219.7336161,488.42398454669,0.87296347197107
0.289,1871156.99605,488.29616580397,0.8715904159132
0.29,1860400.7513098,488.16836388411,0.8705
0.291,1855976.6831458,488.04058350464,0.87099754792688
0.292,1840860.4894253,487.91620810717,0.8749
0.293,1825744.2966205,487.91477203844,0.87888510922871
0.294,1813276.3356755,487.78695933477,0.88200356665181
0.295,1809054.7838586,487.6591403851,0.8837
0.296,1795447.7878123,487.53134760269,0.8837
0.297,1780330.9067605,487.53329798344,0.8829
0.298,1766152.9746984,487.4055268553,0.8829
0.299,1765151.2801834,487.27770013628,0.882
0.3,1765088.5367921,487.02010154371,0.88123978300181
0.301,1749971.658952,486.86215341372,0.8803
0.302,1749908.9158341,486.76451935132,0.8803
0.303,1745047.1486723,486.63670040166,0.88241061078912
0.304,1734729.9774512,486.42410411307,0.88460619705751
0.305,1719613.0946464,486.25128567286,0.88675532768614
0.306,1704496.212818,485.87208947808,0.88904511814534
0.307,1697922.7357615,485.47647989379,0.8883
0.308,1689316.5889138,485.21883287439,0.88756274864376
0.309,1674199.7078619,485.04409736627,0.8854058318264
0.31,1659082.8251242,484.96325062086,0.88323242876526
0.311,1650796.216464,484.83543174543,0.88249692376282
0.312,1643903.1958089,484.70762507947,0.884
0.313,1643840.4578227,484.57979835132,0.8875
0.314,1643777.7099274,484.45203082333,0.8883
0.315,1633914.403926,484.29805140522,0.8902
0.316,1628598.7764771,484.02204640149,0.89431671868034
0.317,1610352.0650052,483.48602755984,0.8964578243424
0.318,1583310.87472,483.16198196686,0.89866736513598
0.319,1568193.9936681,482.80398510659,0.9008
0.32,1553077.1063426,482.64679025364,0.90222403031654
0.321,1548108.475675,482.38908639727,0.90524293357111
0.322,1537897.4849235,482.2359361686,0.907
0.323,1522780.6013865,481.52543002192,0.9096935828877
0.324,1507664.4093346,481.16392973199,0.91360606330807
0.325,1500982.3810955,480.8395011849,0.9167
0.326,1481641.3980036,480.48191581939,0.91974386981721
0.327,1462300.002411,480.20591360763,0.9227628342246
0.328,1447196.8788535,479.93686020397,0.92846310160428
0.329,1432079.9978016,479.80908623235,0.93155757575758
0.33,1404279.3969532,479.63785707053,0.9327
0.331,1369816.0321889,479.42368218974,0.93417316094516
0.332,1341567.6227739,479.29586334007,0.9353
0.333,1326450.741722,479.06982422176,0.9362
0.334,1311794.6312682,478.91044276194,0.9362
0.335,1307572.9447582,478.65285041031,0.9363
0.336,1296154.2334785,478.50174584205,0.9354
0.337,1281038.0398703,478.13760520298,0.93474855334539
0.338,1265921.1573885,477.87997953295,0.9342986883763
0.339,1260448.2798805,477.62241354104,0.9327
0.34,1250741.5334843,477.26775213657,0.931
0.341,1250678.7906319,476.61554116862,0.9302
0.342,1250616.0477796,475.93569174215,0.9302
0.343,1250553.3049272,475.39970812984,0.93076159678858
0.344,1250490.5620748,474.86367085603,0.93378065091396
0.345,1235373.6809188,474.32766169627,0.9355
0.346,1220256.798114,474.13166260331,0.93991640659831
0.347,1211557.6710651,474.00389152007,0.9426
0.348,1205077.8587932,473.88966772793,0.9435
0.349,1189960.9722838,473.87807277715,0.9435
0.35,1174843.4066895,473.75029965633,0.9435
0.351,1164435.5022689,473.62249051969,0.9435
0.352,1159664.4727853,473.62447903079,0.9453
0.353,1144547.5902089,473.36687529785,0.9471
0.354,1129430.7074041,473.23904858369,0.948
0.355,1117310.2027735,472.99753087741,0.94973520431073
0.356,1113088.6245136,472.85162910912,0.951345920642
0.357,1099134.8884518,472.4662461702,0.95178408381632
0.358,1084018.0073999,472.16957132015,0.9524
0.359,1070187.7465567,471.95102979255,0.95355318769505
0.36,1068838.3834957,471.74753124082,0.955
0.361,1068775.6362875,471.5655592175,0.95621636931311
0.362,1053658.7585914,471.06549581841,0.9578
0.363,1023487.7330664,470.92055973907,0.95879928666964
0.364,1023424.9945863,470.64349455122,0.9596
0.365,1014621.2052313,470.36747317711,0.9606320249777
0.366,1008246.0572034,470.14777207351,0.9614
0.367,1008183.3124575,469.94545549536,0.9614
0.368,993066.4318056,469.76231748113,0.9623
0.369,982616.78061413,469.63453831257,0.96240026737968
0.37,977886.80770473,469.2474326913,0.9632
0.371,962769.92508328,468.9714278209,0.9632
0.372,947653.03890701,468.43535827331,0.9632
0.373,935490.57998514,467.76939911878,0.9632
0.374,931266.46496623,467.5676747916,0.9632
0.375,917356.53403198,467.21733361132,0.96320440053884
0.376,902240.34235218,467.05248298933,0.9633
0.377,888368.79954094,466.5353849511,0.9633
0.378,869027.40069871,466.14784899205,0.9633
0.379,849686.00185648,465.72329534478,0.9633
0.38,841772.81309097,465.50282467616,0.9633
0.381,841710.06858253,465.37500572649,0.9633
0.382,826592.49803066,465.24720312408,0.96334732824427
0.383,802561.85834838,464.98959098631,0.9634
0.384,783221.26923704,464.73328583231,0.9625
0.385,779000.24861242,464.45728189478,0.9625
0.386,766126.34979681,464.18123803137,0.96164467894028
0.387,751009.46693481,463.82937489536,0.9617
0.388,736095.55344396,463.36920252687,0.9607
0.389,731874.56136597,463.09316641368,0.9607
0.39,712534.12949236,462.66714507014,0.9607
0.391,690542.63000776,462.53932626358,0.9607
0.392,675425.74827561,462.13516440916,0.9609
0.393,675363.00360785,461.59914216204,0.9609
0.394,675300.25892969,461.06308962453,0.9609
0.395,675237.52008126,460.5270523741,0.9609
0.396,675174.77085523,460.21285306291,0.96
0.397,675112.02816272,459.95525714106,0.96008495734172
0.398,675049.28497507,459.82743888179,0.95979199819168
0.399,674986.54808908,459.69961954868,0.9592
0.4,674923.79911533,459.53704393846,0.95890420433996
0.401,674861.05877483,459.13103039502,0.9583
0.402,674798.3195147,458.33499887973,0.95720990054249
0.403,674735.57573861,457.79897574084,0.9566
0.404,674672.83107338,457.52299426042,0.95548385345997
0.405,674610.0906576,457.24538269653,0.9548
0.406,674547.34770523,456.85795429735,0.954
0.407,674484.60331399,456.69486899884,0.954
0.408,674421.8618005,456.15891004776,0.95402877019749
0.409,674359.1188702,455.82552611954,0.9541
0.41,659242.23742212,455.34685806871,0.955
0.411,654132.77864444,455.07087725607,0.955
0.412,644062.60984505,454.53483996374,0.955
0.413,628946.41644027,453.98137288643,0.955
0.414,613829.52834099,453.12919977135,0.9559
0.415,607008.11301719,452.40673160961,0.9567
0.416,598649.21939397,452.13073523215,0.9586
0.417,583533.0294223,451.81759528113,0.9603
0.418,583470.28647812,451.44872334527,0.96131636201516
0.419,583407.54355382,451.30238779611,0.963
0.42,583344.80060146,450.50668718582,0.9674541926851
0.421,568227.9187587,449.80258338443,0.9691
0.422,568165.17408055,449.1746260346,0.97011725367811
0.423,558119.08639821,448.63861111667,0.9719
0.424,552985.55249299,448.19714141755,0.9727
0.425,552922.80817308,447.95655338445,0.9737
0.426,537806.61478976,447.54899187132,0.97623703208556
0.427,537743.8701116,446.75448653804,0.9781
0.428,537013.88723408,446.21849586755,0.9799
0.429,522564.24455851,445.62393948144,0.9816
0.43,507447.36095515,444.93884148514,0.98325033437361
0.431,494112.07787392,444.57664768002,0.9834
0.432,489887.68660508,444.20444618951,0.98348123035474
0.433,477150.85825055,444.05838542541,0.9843
0.434,462033.97263488,443.8038043606,0.9844
0.435,446986.57924204,443.50639125448,0.9853
0.436,446855.04079863,443.23039416497,0.98617507858105
0.437,446792.29616594,442.69441157563,0.9879
0.438,446729.55146027,442.15836025087,0.9888
0.439,431612.66925421,441.86677330827,0.9888
0.44,425881.83863698,441.73895433377,0.9897
0.441,416433.04515996,441.61113565792,0.9897
0.442,401316.16401474,441.61314921358,0.9889
0.443,386199.28026213,441.42832670336,0.9889
0.444,378755.63800798,441.09790186987,0.9889
0.445,371019.658852,440.74629388201,0.9889
0.446,355902.77142648,440.47025647687,0.9889
0.447,355840.03272935,440.32430712176,0.9881
0.448,346754.43903006,440.06746278245,0.9872
0.449,340661.09465879,440.06947651192,0.98620375395748
0.45,340598.24669904,439.8862616271,0.98403500678426
0.451,325481.46982259,439.6840617404,0.9828
0.452,314749.79003988,439.55621965621,0.9828
0.453,310301.84576142,439.42847944106,0.98387953633527
0.454,295184.96295085,439.30066049653,0.9855
0.455,280068.0800917,439.04305754952,0.98644638715433
0.456,280005.33546792,438.8801793222,0.9872
0.457,279942.59646709,438.52781734741,0.9872
0.458,279879.84842693,438.2702214885,0.9874
0.459,279817.11174823,438.05217215448,0.9874
0.46,279754.36828649,437.88480656653,0.9865
0.461,279691.6246273,437.37018383038,0.9856
0.462,279628.88289113,436.98017274667,0.9848
0.463,279566.13996438,436.81813402388,0.9821
0.464,279503.40988919,436.17547533085,0.97993147896879
0.465,274996.65554057,435.2833950056,0.9778
0.466,264324.45882765,434.59831536335,0.97642436708861
0.467,264261.71944497,434.02401939627,0.9752
0.468,264198.97579142,433.61802817969,0.97473006329114
0.469,264136.23108576,433.21203120398,0.9743
0.47,264073.4906727,432.84247361457,0.9743
0.471,264010.74772034,432.78998242735,0.9743
0.472,263948.00336621,432.58686029218,0.9744
0.473,263885.26181561,432.45907257252,0.97517467677218
0.474,263822.51886324,432.09198246738,0.9752
0.475,263759.77560683,431.68593735491,0.9752
0.476,248642.89071136,431.27994784244,0.9752
0.477,248580.14935515,430.90941433289,0.9752
0.478,248517.40895428,430.59790535338,0.9752
0.479,248454.65971294,430.39419156922,0.9762
0.48,248391.92036451,430.17581046171,0.9762
0.481,248329.17823377,429.8998604592,0.9762
0.482,248266.43714481,429.75110190679,0.9771
0.483,248203.69260512,429.36377663608,0.9771
0.484,248140.95124008,428.9418512857,0.9781
0.485,248078.20830742,428.5357657097,0.9781
0.486,248015.46484573,428.20152299255,0.979
0.487,247952.72244768,427.85377935,0.979
0.488,232835.84133112,427.31777870191,0.9808
0.489,232773.09837875,427.1691007566,0.98227650468123
0.49,229951.47268221,426.91149140281,0.9843
0.491,217594.16087679,426.74972037584,0.98486852429782
0.492,202477.27797201,426.21372940365,0.9861
0.493,202414.53339663,425.67771392913,0.98760240641711
0.494,197945.75108326,425.14169292525,0.9888
0.495,187234.91202894,424.8446413146,0.9888
0.496,172118.02824054,424.32969457306,0.9888
0.497,157000.45758867,424.05364287164,0.9879
0.498,150821.38861196,423.81218861614,0.98779457259159
0.499,141821.52301606,423.554592665,0.9856377034358
0.5,126705.33133626,423.35558911898,0.98441243825775
0.501,111588.44398278,423.16917787781,0.9845
0.502,103699.3410756,422.67359295408,0.9845
0.503,96408.821184228,422.13756488358,0.9845
0.504,96346.07696757,421.74733843742,0.9845
0.505,96283.334024204,421.7155623109,0.9845
0.506,105545.01888397,421.49170074503,0.9845
0.507,111211.9869759,421.36390729404,0.98455536596318
0.508,111149.24856212,421.23611851163,0.9854
0.509,111086.50393968,421.10829956998,0.9855
0.51,111023.75746397,420.98048289354,0.9864
0.511,110961.02085705,420.98249427583,0.9872
0.512,110898.27160423,420.98449480583,0.9881
0.513,110835.53154642,420.85668928424,0.9889
0.514,110772.79085708,420.79147108413,0.98985289919715
0.515,109306.39907933,420.73088403543,0.98994304308797
0.516,95592.47610552,420.73288616639,0.9917
0.517,95529.731436359,420.48347837808,0.9935
0.518,95466.992554104,420.47725984998,0.99508693713776
0.519,95404.248373133,420.32147403601,0.9962
0.52,95341.503703973,419.91547255611,0.9971
0.521,95279.448514812,419.5094264614,0.9971
0.522,95216.710120746,419.4468007012,0.9971
0.523,95153.965451586,419.21747256026,0.998
0.524,95091.220782425,418.81142744778,0.9989
0.525,95028.481430537,418.26606301643,1.0007
0.526,94965.737719199,417.58112667049,1.0016
0.527,94902.993050039,416.94336348371,1.0033
0.528,94840.252600437,416.40734567973,1.0033
0.529,94778.162896959,416.21573306743,1.0042
0.53,94715.454787652,415.85529687836,1.0051
0.531,94652.710088522,415.70052186656,1.0061267944717
0.532,94589.97029697,415.44292181171,1.0087
0.533,94527.221079936,415.28727806132,1.0069
0.534,94464.484410237,415.05751107318,1.0069
0.535,94401.73894285,414.86526033694,1.0069
0.536,94338.998523503,414.54228382003,1.0069
0.537,94276.255580136,414.4144881916,1.0069
0.538,94213.51263677,414.15684897447,1.0069
0.539,94150.769693403,413.76947254921,1.0069
0.54,94087.356100874,413.5118688505,1.0069
0.541,109079.42198608,413.33922279764,1.0069
0.542,109016.67903371,413.12643847307,1.0069
0.543,108953.93739813,412.73903697649,1.0069
0.544,108891.19312898,412.64117488085,1.0069
0.545,108828.45024227,412.4833990959,1.0069
0.546,123819.1583833,412.34917927406,1.0069
0.547,123756.41376655,412.09798447302,1.0069
0.548,123693.78845959,411.92717672723,1.0069
0.549,123631.62014141,411.65115007024,1.0069
0.55,138623.01811647,411.45497381921,1.0069
0.551,138560.27523508,411.22913625497,1.0069
0.552,138497.53062658,410.69313390734,1.0069
0.553,138434.78933035,410.1571021581,1.0069
0.554,153426.18457748,409.88100569147,1.0069
0.555,153363.44161706,409.64771971424,1.0069
0.556,158630.17047476,409.51990076457,1.0069
0.557,168292.09626519,409.1830166041,1.0069
0.558,168229.35096752,408.77701934187,1.0069
0.559,168166.60174149,407.99372790947,1.0069
0.56,168103.86506278,406.64284926878,1.0069
0.561,168041.12385502,405.73887295209,1.0069
0.562,167978.37915805,405.50800686227,1.0069
0.563,167915.64081879,405.31688706404,1.0069
0.564,167852.89611313,405.12259216258,1.0069
0.565,167790.1514901,404.99478605418,1.0069
0.566,152673.26923851,404.74885309424,1.0069
0.567,152610.52629672,404.60935834139,1.0069
0.568,152547.7855041,404.35176251954,1.0069
0.569,152485.04082594,404.22398079235,1.0069
0.57,137367.46981911,404.03484205354,1.0069
0.571,137304.72683924,403.83855039967,1.0069
0.572,137241.98543993,403.35278609623,1.0069
0.573,136646.16249,402.81676758122,1.0069
0.574,122063.04933116,402.27462710448,1.0069
0.575,106946.8576793,401.58943990261,1.0069
0.576,78622.775695291,401.20870408069,1.0069
0.577,61658.945669807,400.86507315927,1.0069
0.578,55063.348583282,400.52666161637,1.0069
0.579,46479.326889718,400.34982581556,1.0069
0.58,31362.445756679,400.22205708986,1.0069
0.581,31299.702813312,399.83463407185,1.0069
0.582,31236.959869945,399.57703831808,1.0069
0.583,31174.216926579,399.27666692018,1.0069
0.584,31111.473983212,398.74060327787,1.0069
0.585,31048.731039845,398.20461276791,1.0069
0.586,30985.988096479,397.79858814644,1.0069
0.587,30923.245679843,397.63995695795,1.0069
0.588,30860.502209745,397.2525761928,1.0069
0.589,15744.310556706,397.10054733407,1.0069
0.59,15681.562935568,396.69448467572,1.0069
0.591,15618.824669973,396.41850485064,1.0069
0.592,15556.075452939,396.22213954483,1.0069
0.593,15493.338783239,395.99650374552,1.0069
0.594,15430.594871071,395.72050484351,1.0069
0.595,15367.852896506,395.57450162474,1.0069
0.596,15305.106162115,395.29845856498,1.0069
0.597,15242.367009772,395.06388148837,1.0069
0.598,15179.624407568,394.93609270596,1.0069
0.599,15116.881123039,394.73046436493,1.0069
0.6,7559.7379216358,394.68048035941,1.0069

