0.000905,7.94E-03
0.0011293,8.82E-03
0.0013536,9.70E-03
0.0013552,0.0106
0.0015795,0.0115
0.001581,0.0123
0.0015826,0.0132
0.0018069,0.0141
0.0018084,0.015
0.00181,0.0159
0.0020343,0.0168
0.0020359,0.0176
0.0020374,0.0185
0.0022617,0.0194
0.0022633,0.0203
0.0022649,0.0212
0.0024892,0.022
0.0024907,0.0229
0.0024923,0.0238
0.0027166,0.0247
0.0027182,0.0256
0.0027197,0.0264
0.002944,0.0273
0.0029456,0.0282
0.0031699,0.0291
0.0033942,0.03
0.0036185,0.0309
0.0038428,0.0317
0.004067,0.0326
0.0040686,0.0335
0.0042913,0.0335
0.0042929,0.0344
0.0045171,0.0352
0.0045188,0.0362
0.0047431,0.037
0.0049673,0.0379
0.0051916,0.0388
0.0051932,0.0397
0.0054175,0.0406
0.0054191,0.0415
0.0056434,0.0423
0.0056449,0.0432
0.0056465,0.0441
0.0056481,0.045
0.0056496,0.0459
0.0056512,0.0467
0.0056528,0.0476
0.0056543,0.0485
0.0056559,0.0493
0.0056575,0.0503
0.005659,0.0511
0.0056606,0.052
0.0056622,0.0529
0.0056638,0.0538
0.0056653,0.0547
0.0056669,0.0555
0.0056684,0.0564
0.00567,0.0573
0.0056716,0.0582
0.0056732,0.0591
0.0056747,0.0599
0.0056763,0.0608
0.0056779,0.0617
0.0056794,0.0626
0.0059037,0.0635
0.0059053,0.0643
0.0059069,0.0652
0.0061312,0.0661
0.0061327,0.067
0.0061343,0.0679
0.0063586,0.0688
0.0063602,0.0695
0.0063617,0.0705
0.0065859,0.0714
0.0065876,0.0723
0.0065891,0.0732
0.0065907,0.074
0.0065923,0.0749
0.0065939,0.0758
0.0065954,0.0767
0.006597,0.0776
0.0065986,0.0784
0.0068229,0.0793
0.0068244,0.0802
0.006826,0.0811
0.0068276,0.082
0.0068291,0.0828
0.0068307,0.0836
0.0068323,0.0846
0.0068338,0.0855
0.0068354,0.0864
0.006837,0.0872
0.0068385,0.0881
0.0068401,0.089
0.0068417,0.0899
0.007066,0.0908
0.0072903,0.0917
0.0072918,0.0925
0.0072934,0.0934
0.007295,0.0943
0.0072965,0.0952
0.0072981,0.0961
0.0072997,0.0969
0.0073012,0.0977
0.0073028,0.0987
0.0073044,0.0996
0.0073059,0.1005
0.0073075,0.1013
0.0073091,0.1022
0.0073106,0.1031
0.0075349,0.104
0.0075365,0.1049
0.0075381,0.1057
0.0077624,0.1066
0.0077639,0.1075
0.0077654,0.1084
0.0079898,0.1093
0.0079914,0.1102
0.0079929,0.111
0.0082172,0.1118
0.0082187,0.1128
0.0084431,0.1137
0.0084447,0.1146
0.0086689,0.1154
0.0088932,0.1163
0.0091175,0.1172
0.0093418,0.1181
0.0093434,0.119
0.0095676,0.1199
0.0095692,0.1207
0.009792,0.1207
0.0100163,0.1216
0.0102389,0.1216
0.0104633,0.1225
0.0106876,0.1234
0.0109119,0.1243
0.011136,0.1252
0.0113604,0.126
0.0115847,0.1269
0.011809,0.1278
0.0120333,0.1287
0.0122576,0.1296
0.0124819,0.1305
0.0127046,0.1305
0.0129289,0.1314
0.0131516,0.1314
0.0133744,0.1314
0.0135986,0.1322
0.0138214,0.1322
0.0140457,0.1331
0.01427,0.134
0.0144927,0.134
0.014717,0.1349
0.0149397,0.1349
0.0151623,0.1349
0.0153867,0.1358
0.0156094,0.1358
0.0158322,0.1358
0.0160564,0.1367
0.0162792,0.1367
0.0165019,0.1367
0.0167262,0.1376
0.0169489,0.1376
0.0171716,0.1376
0.0173944,0.1376
0.0176171,0.1376
0.0178397,0.1376
0.0180625,0.1376
0.0182852,0.1376
0.018508,0.1376
0.0187307,0.1376
0.0189534,0.1376
0.0191746,0.1367
0.0193408,0.105
0.0193424,0.1059
0.0193439,0.1068
0.0193455,0.1077
0.0193471,0.1086
0.0193487,0.1094
0.0193502,0.1103
0.0193518,0.1112
0.0193534,0.1121
0.0193549,0.113
0.0193894,0.1323
0.019391,0.1332
0.0193926,0.1341
0.0193942,0.135
0.0193957,0.1358
0.0195635,0.105
0.0195792,0.1138
0.0195808,0.1147
0.0195824,0.1156
0.0195838,0.1165
0.0195855,0.1174
0.0195871,0.1182
0.0195886,0.1191
0.0195901,0.12
0.0195918,0.1209
0.0195933,0.1218
0.0195949,0.1226
0.0195965,0.1235
0.0195981,0.1244
0.0195996,0.1253
0.0196012,0.1262
0.0196028,0.127
0.0196042,0.1279
0.0196059,0.1288
0.0196075,0.1297
0.019609,0.1306
0.0196106,0.1314
0.0197847,0.1042
0.0200074,0.1042
0.0202301,0.1042
0.0204529,0.1042
0.0206756,0.1042
0.0208967,0.1033
0.0211195,0.1033
0.0213437,0.1042
0.0215665,0.1042
0.0217908,0.1051
0.0220151,0.106
0.0222394,0.1068
0.0222409,0.1077
0.0224652,0.1086
0.0224668,0.1095
0.0226911,0.1104
0.0229154,0.1113
0.0229169,0.1121
0.0231412,0.113
0.0231428,0.1139
0.0233671,0.1148
0.0233687,0.1157
0.023593,0.1165
0.0238172,0.1174
0.0238188,0.1183
0.0238204,0.1192
0.0240447,0.1201
0.0240462,0.121
0.0242705,0.1218
0.0242721,0.1227
0.0242737,0.1236
0.024498,0.1245
0.0244995,0.1254
0.0247222,0.1254
0.0249465,0.1262
0.0251693,0.1262
0.0253936,0.1271
0.0256147,0.1263
0.0256162,0.1271
0.0256178,0.128
0.0256194,0.1289
0.025839,0.1271
0.0260602,0.1263
0.0262812,0.1254
0.0265025,0.1245
0.026504,0.1254
0.0267189,0.121
0.0267205,0.1219
0.0267221,0.1228
0.0267236,0.1236
0.0269369,0.1184
0.0269385,0.1192
0.0269401,0.1201
0.0271565,0.1166
0.0271581,0.1175
0.027373,0.1131
0.0273745,0.114
0.0273761,0.1148
0.0273777,0.1157
0.0275926,0.1113
0.0275941,0.1122
0.0278136,0.1104
0.0280349,0.1096
0.0280364,0.1104
0.0282576,0.1096
0.0284803,0.1096
0.0287029,0.1096
0.0289242,0.1087
0.0291469,0.1087
0.0293696,0.1087
0.0295908,0.1078
0.0298135,0.1078
0.0300362,0.1078
0.030259,0.1078
0.0304817,0.1078
0.0307044,0.1078
0.0309271,0.1078
0.0311514,0.1087
0.0313757,0.1096
0.0316,0.1105
0.0318243,0.1114
0.0320486,0.1123
0.0322729,0.1131
0.0324971,0.114
0.0327199,0.114
0.0327215,0.1149
0.0329457,0.1158
0.0331685,0.1158
0.0333928,0.1167
0.0333942,0.1176
0.0336186,0.1185
0.0338413,0.1185
0.0338429,0.1193
0.0340672,0.1202
0.0342899,0.1202
0.0345142,0.1211
0.0345158,0.1219
0.0347385,0.1219
0.0349628,0.1229
0.0351871,0.1238
0.0354114,0.1246
0.0356357,0.1255
0.0358599,0.1264
0.0360843,0.1273
0.0363085,0.1282
0.0365328,0.1291
0.036757,0.1299
0.0369799,0.1299
0.0372041,0.1308
0.0374269,0.1308
0.0376512,0.1317
0.0378739,0.1317
0.0380982,0.1326
0.0383209,0.1326
0.0385452,0.1335
0.0387694,0.1344
0.0389922,0.1344
0.0392165,0.1353
0.0394392,0.1353
0.0396619,0.1353
0.0398862,0.136
0.040109,0.1362
0.0403317,0.1362
0.040556,0.137
0.0407787,0.137
0.0410014,0.137
0.0412257,0.1379
0.0414484,0.1379
0.0416712,0.1379
0.0418954,0.1388
0.0421182,0.1388
0.0423409,0.1388
0.0425652,0.1397
0.0427879,0.1397
0.0430106,0.1397
0.0432334,0.1397
0.0434561,0.1397
0.0436787,0.1397
0.0439015,0.1397
0.0441242,0.1397
0.044347,0.1397
0.0445697,0.1397
0.0447924,0.1397
0.0450136,0.1389
0.0452347,0.138
0.0454559,0.1371
0.045677,0.1362
0.0458982,0.1354
0.0461193,0.1345
0.0463405,0.1336
0.0465615,0.1327
0.0467828,0.1318
0.047004,0.131
0.0472251,0.1301
0.0474463,0.1292
0.0476674,0.1283
0.0478885,0.1275
0.0481097,0.1266
0.0483309,0.1257
0.048552,0.1248
0.0487732,0.124
0.0489943,0.1231
0.0492155,0.1222
0.0494382,0.1222
0.0496609,0.1222
0.0498837,0.1222
0.0501064,0.1222
0.0503291,0.1222
0.0505518,0.1222
0.0507746,0.1222
0.0509989,0.1231
0.0512216,0.1231
0.0514443,0.1231
0.051667,0.1231
0.0518897,0.1231
0.0521125,0.1231
0.0523368,0.124
0.0525594,0.124
0.0527838,0.1249
0.0530081,0.1258
0.0532324,0.1267
0.0534567,0.1275
0.0534582,0.1284
0.0536825,0.1293
0.0536841,0.1302
0.0539083,0.1311
0.0541327,0.132
0.054357,0.1328
0.0545812,0.1337
0.054804,0.1337
0.0550283,0.1346
0.055251,0.1346
0.0554753,0.1355
0.0556996,0.1364
0.0559239,0.1373
0.0561481,0.1381
0.0563724,0.139
0.0565967,0.1399
0.0568195,0.1399
0.0570437,0.1408
0.0572665,0.1408
0.0574892,0.1408
0.0577135,0.1417
0.0579362,0.1417
0.0581589,0.1417
0.0583832,0.1426
0.0586059,0.1426
0.0588287,0.1426
0.059053,0.1435
0.0592757,0.1435
0.0594984,0.1435
0.0597227,0.1444
0.0599454,0.1444
0.0601697,0.1452
0.060394,0.1461
0.0606183,0.147
0.0608426,0.1479
0.0610653,0.1479
0.0612896,0.1488
0.0615123,0.1488
0.0617349,0.1488
0.0619593,0.1497
0.0621821,0.1497
0.0624062,0.1506
0.0626306,0.1514
0.0628534,0.1515
0.0630777,0.1522
0.0633004,0.1522
0.0635231,0.1522
0.0637473,0.1532
0.0639701,0.1532
0.0641928,0.1532
0.0644171,0.1541
0.0646399,0.1541
0.0648626,0.1541
0.0650869,0.155
0.0653096,0.155
0.0655323,0.155
0.065755,0.155
0.0659792,0.1559
0.0662021,0.1559
0.0664248,0.1559
0.0666491,0.1568
0.0668718,0.1568
0.0670945,0.1568
0.0673188,0.1577
0.0675415,0.1577
0.0677642,0.1577
0.0679885,0.1586
0.0682113,0.1586
0.068434,0.1586
0.0686566,0.1586
0.068881,0.1595
0.0691037,0.1595
0.0693264,0.1595
0.0695507,0.1604
0.0697734,0.1604
0.0699962,0.1604
0.0702189,0.1604
0.0704416,0.1604
0.0706644,0.1604
0.0708871,0.1604
0.0711098,0.1604
0.0713325,0.1604
0.0715552,0.1604
0.071778,0.1604
0.0720007,0.1604
0.0722218,0.1595
0.0724445,0.1595
0.0726673,0.1595
0.07289,0.1595
0.0731127,0.1595
0.0733355,0.1595
0.0735582,0.1595
0.0737809,0.1595
0.0740036,0.1595
0.0742248,0.1587
0.0744475,0.1587
0.0746702,0.1587
0.074893,0.1587
0.0751157,0.1587
0.0753384,0.1587
0.0755596,0.1578
0.0757823,0.1578
0.076005,0.1578
0.0762277,0.1578
0.0764504,0.1578
0.0766732,0.1578
0.0768959,0.1578
0.0771186,0.1578
0.0773413,0.1578
0.0775641,0.1578
0.0777868,0.1578
0.0780095,0.1578
0.0782322,0.1578
0.078455,0.1578
0.0786777,0.1578
0.0789003,0.1578
0.0791231,0.1579
0.0793458,0.1579
0.0795686,0.1579
0.0797913,0.1579
0.080014,0.1579
0.0802383,0.1587
0.080461,0.1588
0.0806837,0.1588
0.0809064,0.1588
0.0811292,0.1588
0.0813519,0.1588
0.0815746,0.1588
0.0817974,0.1588
0.0820201,0.1588
0.0822428,0.1588
0.0824655,0.1588
0.0826883,0.1588
0.0829125,0.1597
0.0831353,0.1597
0.083358,0.1597
0.0835823,0.1606
0.083805,0.1606
0.0840277,0.1606
0.084252,0.1614
0.0844747,0.1615
0.0846975,0.1615
0.0849218,0.1623
0.0851445,0.1623
0.0853672,0.1623
0.0853688,0.1632
0.0855915,0.1632
0.0858157,0.1641
0.0860385,0.1641
0.0862612,0.1641
0.0864855,0.165
0.0867082,0.165
0.086931,0.165
0.0871553,0.1659
0.087378,0.1659
0.0876007,0.1659
0.0878234,0.1659
0.0880462,0.1659
0.0882704,0.1668
0.0884932,0.1668
0.0887159,0.1668
0.0889386,0.1668
0.0891613,0.1668
0.0893841,0.1668
0.0896084,0.1677
0.0898311,0.1677
0.0900538,0.1677
0.0902781,0.1686
0.0905008,0.1686
0.0907235,0.1686
0.0909463,0.1686
0.0911706,0.1695
0.0913933,0.1695
0.091616,0.1695
0.0918387,0.1695
0.092063,0.1703
0.0922857,0.1703
0.0925085,0.1703
0.0927311,0.1703
0.0929539,0.1703
0.0931719,0.1677
0.0931735,0.1686
0.0931751,0.1695
0.0931766,0.1703
0.0933837,0.1616
0.0933852,0.1625
0.0933868,0.1633
0.0933884,0.1642
0.0933899,0.1651
0.0933915,0.166
0.0933931,0.1669
0.0935891,0.1519
0.0935907,0.1528
0.0935923,0.1537
0.0935937,0.1545
0.0935954,0.1554
0.093597,0.1562
0.0935985,0.1572
0.0936,0.1581
0.0936017,0.1589
0.0936032,0.1598
0.0936048,0.1607
0.0938072,0.1493
0.0938087,0.1501
0.0938103,0.151
0.0940252,0.1466
0.0940267,0.1475
0.0940283,0.1484
0.0942448,0.1449
0.0942463,0.1457
0.0944659,0.144
0.0946855,0.1421
0.0946871,0.1431
0.0949051,0.1405
0.0949066,0.1414
0.0951262,0.1396
0.0953474,0.1387
0.0955701,0.1387
0.0957913,0.1378
0.096014,0.1379
0.0962367,0.1379
0.0964594,0.1379
0.0966822,0.1379
0.0969049,0.1379
0.097126,0.137
0.0973488,0.137
0.0975715,0.137
0.0977942,0.137
0.0980169,0.137
0.0982397,0.137
0.0984624,0.137
0.0986851,0.137
0.0989078,0.137
0.099132,0.1379
0.0993548,0.1379
0.0995776,0.1379
0.0998003,0.1379
0.100023,0.1379
0.1002457,0.1379
0.10047,0.1388
0.1006926,0.1388
0.100917,0.1397
0.1011413,0.1406
0.1013639,0.1406
0.1015883,0.1415
0.1018111,0.1415
0.1020354,0.1423
0.1022596,0.1432
0.1024824,0.1432
0.1027067,0.1441
0.1029294,0.1441
0.1031537,0.145
0.103378,0.1459
0.1036023,0.1468
0.1038265,0.1477
0.1038281,0.1485
0.1040524,0.1494
0.104054,0.1503
0.1042767,0.1503
0.104501,0.1512
0.1047237,0.1512
0.104948,0.1521
0.1051723,0.153
0.105395,0.153
0.1056193,0.1538
0.105842,0.1538
0.1060663,0.1547
0.1062906,0.1556
0.1065149,0.1565
0.1067391,0.1574
0.1069619,0.1574
0.1071862,0.1583
0.1074089,0.1583
0.1076317,0.1583
0.1078559,0.1592
0.1080787,0.1592
0.1083014,0.1592
0.1085257,0.16
0.1087484,0.16
0.108971,0.16
0.1091954,0.1609
0.1094181,0.1609
0.1096423,0.1618
0.1098667,0.1627
0.1100895,0.1627
0.1103136,0.1636
0.1105365,0.1636
0.1107591,0.1636
0.1109835,0.1645
0.1112062,0.1645
0.1114289,0.1645
0.1116532,0.1654
0.1118759,0.1654
0.1120987,0.1654
0.1123214,0.1654
0.1125441,0.1654
0.1127668,0.1654
0.1129896,0.1654
0.1132123,0.1654
0.113435,0.1654
0.1136577,0.1654
0.1138805,0.1654
0.1141032,0.1654
0.1143259,0.1654
0.1145486,0.1654
0.1147698,0.1645
0.1149909,0.1637
0.1152137,0.1637
0.1154364,0.1637
0.1156591,0.1637
0.1158803,0.1628
0.116103,0.1628
0.1163256,0.1628
0.1165469,0.1619
0.1167696,0.1619
0.1169923,0.1619
0.117215,0.1619
0.1174377,0.1619
0.1176604,0.1619
0.1178832,0.1619
0.1181043,0.1611
0.1183271,0.1611
0.1185497,0.1611
0.1187725,0.1611
0.1189937,0.1602
0.1192164,0.1602
0.1194391,0.1602
0.1196618,0.1602
0.1198846,0.1602
0.1201073,0.1602
0.12033,0.1602
0.1205527,0.1602
0.1207739,0.1593
0.120995,0.1585
0.1212178,0.1585
0.1214389,0.1576
0.1216616,0.1576
0.1218843,0.1576
0.1221071,0.1576
0.1223298,0.1576
0.1225525,0.1576
0.1227753,0.1576
0.122998,0.1576
0.1232207,0.1576
0.1234434,0.1576
0.1236661,0.1576
0.1238889,0.1576
0.1241116,0.1576
0.1243359,0.1585
0.1245602,0.1594
0.1247829,0.1594
0.1250056,0.1594
0.1252283,0.1594
0.1254511,0.1594
0.1256738,0.1594
0.1258965,0.1594
0.1261192,0.1594
0.126342,0.1594
0.1265647,0.1594
0.1267873,0.1594
0.1270101,0.1594
0.1272328,0.1594
0.1274556,0.1594
0.1276783,0.1594
0.127901,0.1594
0.1281237,0.1595
0.1283465,0.1595
0.1285692,0.1595
0.1287919,0.1595
0.1290146,0.1595
0.1292374,0.1595
0.1294601,0.1595
0.1296812,0.1586
0.129904,0.1586
0.1301267,0.1586
0.1303494,0.1586
0.1305721,0.1586
0.1307948,0.1586
0.1310176,0.1586
0.1312403,0.1586
0.1314646,0.1595
0.1316873,0.1595
0.13191,0.1595
0.1321343,0.1604
0.132357,0.1604
0.1325813,0.1613
0.1325829,0.1622
0.1328056,0.1622
0.1328072,0.163
0.1330315,0.1639
0.1332558,0.1648
0.1334801,0.1657
0.1337044,0.1666
0.1337059,0.1675
0.1339302,0.1683
0.1339318,0.1692
0.1341561,0.1701
0.1341577,0.171
0.1343804,0.171
0.1343819,0.1719
0.1346061,0.1727
0.1348305,0.1736
0.1348321,0.1745
0.1350564,0.1754
0.135058,0.1763
0.1352822,0.1772
0.1355065,0.178
0.1355081,0.1789
0.1357324,0.1798
0.135734,0.1807
0.1359583,0.1816
0.1361825,0.1825
0.1364068,0.1833
0.1366311,0.1842
0.1368554,0.1851
0.1370796,0.186
0.137304,0.1869
0.1375283,0.1878
0.1375299,0.1886
0.1377542,0.1895
0.1377557,0.1904
0.13798,0.1913
0.1382043,0.1922
0.1382059,0.193
0.1384302,0.1939
0.1384317,0.1948
0.138656,0.1957
0.1388803,0.1966
0.1388819,0.1975
0.1391062,0.1983
0.1391077,0.1992
0.1391093,0.2001
0.1391109,0.201
0.1391125,0.2019
0.139114,0.2027
0.1391156,0.2036
0.1391172,0.2045
0.1391187,0.2054
0.1391203,0.2063
0.1391219,0.2071
0.1391234,0.208
0.139125,0.2089
0.1391266,0.2098
0.139128,0.2107
0.1393524,0.2116
0.139354,0.2124
0.1393556,0.2133
0.1393571,0.2142
0.1393587,0.2151
0.139583,0.216
0.1398073,0.2168
0.1398089,0.2177
0.1400331,0.2186
0.1400347,0.2195
0.1400363,0.2204
0.1402606,0.2212
0.1402621,0.2221
0.1402637,0.223
0.140488,0.2239
0.1404896,0.2248
0.140491,0.2257
0.1407154,0.2265
0.140717,0.2274
0.1407186,0.2283
0.1409428,0.2292
0.1409444,0.2301
0.140946,0.2309
0.1411703,0.2318
0.1411719,0.2327
0.1411734,0.2336
0.1413977,0.2345
0.1413993,0.2353
0.1414009,0.2362
0.1416251,0.2371
0.1416267,0.238
0.1416282,0.2389
0.1418526,0.2398
0.141854,0.2406
0.1420784,0.2415
0.1423027,0.2424
0.1425253,0.2424
0.1427497,0.2433
0.1429725,0.2433
0.1431952,0.2433
0.1434195,0.2442
0.1436421,0.2442
0.1438649,0.2442
0.1440876,0.2442
0.1443104,0.2442
0.1445314,0.2433
0.1447542,0.2433
0.1449754,0.2424
0.1451966,0.2416
0.1454193,0.2416
0.1456404,0.2407
0.1458632,0.2407
0.1460859,0.2407
0.146307,0.2398
0.1465298,0.2398
0.1467509,0.2389
0.1469721,0.2381
0.1469736,0.2389
0.1471948,0.2381
0.1474159,0.2372
0.1476387,0.2372
0.1478614,0.2372
0.1480841,0.2372
0.1483068,0.2372
0.1485295,0.2372
0.1487538,0.2381
0.1489766,0.2381
0.1491993,0.2381
0.1494236,0.2389
0.1496463,0.2389
0.1496479,0.2399
0.1498721,0.2408
0.1500949,0.2408
0.1503192,0.2416
0.1503208,0.2425
0.1505434,0.2425
0.1507678,0.2434
0.1509921,0.2443
0.1512163,0.2452
0.1514391,0.2452
0.1516634,0.2461
0.1516649,0.2469
0.1518877,0.2469
0.1521118,0.2478
0.1523362,0.2487
0.1525605,0.2496
0.1527848,0.2505
0.1530044,0.2487
0.153006,0.2496
0.1532256,0.2478
0.1532271,0.2487
0.1534451,0.2461
0.1534466,0.2469
0.1536663,0.2452
0.1538875,0.2443
0.154107,0.2426
0.1541086,0.2435
0.1543282,0.2417
0.1545493,0.2408
0.1547689,0.2391
0.1547705,0.2399
0.1549901,0.2382
0.1552128,0.2382
0.155434,0.2373
0.1556566,0.2373
0.1558778,0.2364
0.156099,0.2356
0.1563202,0.2347
0.1565413,0.2338
0.1567625,0.2328
0.1569836,0.2321
0.1572048,0.2312
0.1574259,0.2303
0.1576471,0.2294
0.1578681,0.2285
0.1580894,0.2277
0.1583105,0.2268
0.1585316,0.2259
0.1587529,0.225
0.158974,0.2242
0.1591936,0.2224
0.1591952,0.2233
0.1594132,0.2206
0.1594148,0.2215
0.1596328,0.2189
0.1596343,0.2198
0.1598555,0.2189
0.1600751,0.2171
0.1600766,0.218
0.1602962,0.2163
0.1605173,0.2154
0.160519,0.2163
0.1607385,0.2145
0.1609597,0.2136
0.1611824,0.2136
0.1614036,0.2128
0.1616263,0.2128
0.161849,0.2128
0.1620702,0.2119
0.1622929,0.2119
0.1625141,0.211
0.1627383,0.2119
0.1629626,0.2128
0.1629642,0.2137
0.1629658,0.2145
0.1631901,0.2154
0.1631916,0.2163
0.1631932,0.2172
0.1631948,0.2181
0.1631963,0.2189
0.1634205,0.2198
0.1634222,0.2207
0.1634238,0.2216
0.1634253,0.2225
0.1634269,0.2233
0.1636512,0.2242
0.1636528,0.2251
0.1636543,0.226
0.1636559,0.2269
0.1636575,0.2278
0.163659,0.2286
0.1636606,0.2295
0.1636622,0.2304
0.1636637,0.2313
0.1636653,0.2322
0.1638896,0.233
0.1638912,0.2339
0.1638927,0.2348
0.164117,0.2357
0.1641186,0.2366
0.1641202,0.2374
0.1643445,0.2383
0.164346,0.2392
0.1643476,0.2401
0.1643492,0.241
0.1643507,0.2418
0.1643523,0.2427
0.1643538,0.2436
0.1643554,0.2445
0.164357,0.2454
0.1643586,0.2462
0.1643601,0.2471
0.1643617,0.248
0.1643633,0.2489
0.1643648,0.2498
0.1643664,0.2507
0.1643679,0.2515
0.1643696,0.2524
0.1643711,0.2533
0.1645954,0.2542
0.164597,0.2551
0.1645985,0.2559
0.1648228,0.2568
0.1648244,0.2577
0.164826,0.2586
0.1650503,0.2595
0.1650518,0.2603
0.1650534,0.2612
0.1652777,0.2621
0.1652793,0.263
0.1652808,0.2639
0.1655051,0.2648
0.1655067,0.2656
0.1655083,0.2665
0.1657326,0.2674
0.1657341,0.2683
0.1657357,0.2692
0.16596,0.27
0.1659616,0.2709
0.165963,0.2718
0.1659647,0.2727
0.1659663,0.2736
0.1659678,0.2744
0.1659694,0.2753
0.165971,0.2762
0.1659725,0.2771
0.1659741,0.278
0.1661984,0.2788
0.1662,0.2797
0.1662015,0.2806
0.1662031,0.2814
0.1662046,0.2824
0.1662062,0.2832
0.1662078,0.2841
0.1662094,0.285
0.1662109,0.2859
0.1662125,0.2868
0.1662141,0.2876
0.1662156,0.2885
0.1664399,0.2894
0.1664415,0.2903
0.1664431,0.2912
0.1666674,0.2921
0.1666689,0.2929
0.1666705,0.2938
0.1668948,0.2947
0.1668963,0.2955
0.1668979,0.2965
0.1671222,0.2973
0.1671238,0.2982
0.1671254,0.2991
0.1671269,0.3
0.1671285,0.3009
0.1671301,0.3017
0.1671316,0.3026
0.1671332,0.3035
0.1671348,0.3044
0.1671363,0.3053
0.1671379,0.3061
0.1671395,0.307
0.167141,0.3079
0.1671426,0.3088
0.1671442,0.3096
0.1671457,0.3106
0.1671473,0.3114
0.1671489,0.3123
0.1671505,0.3132
0.167152,0.3141
0.1671536,0.315
0.1671552,0.3158
0.1671567,0.3167
0.1671583,0.3176
0.1671599,0.3185
0.1671614,0.3194
0.167163,0.3202
0.1671646,0.3211
0.1673889,0.322
0.1673904,0.3229
0.167392,0.3237
0.1673936,0.3246
0.1673951,0.3255
0.1673967,0.3264
0.1673982,0.3273
0.1673998,0.3282
0.1674014,0.329
0.1676257,0.3299
0.1676273,0.3308
0.1676288,0.3317
0.1678531,0.3326
0.1678547,0.3334
0.1678563,0.3343
0.1680806,0.3352
0.1680821,0.3361
0.1680836,0.337
0.168308,0.3378
0.1683096,0.3387
0.1683111,0.3396
0.1685354,0.3405
0.168537,0.3414
0.1685386,0.3423
0.1687628,0.3431
0.1687644,0.3439
0.168766,0.3449
0.1689903,0.3458
0.1689918,0.3467
0.1689933,0.3475
0.1692177,0.3484
0.1692193,0.3493
0.1692208,0.3502
0.1694451,0.3511
0.1694466,0.3519
0.1694483,0.3528
0.1696726,0.3537
0.1696741,0.3546
0.1696757,0.3555
0.1696773,0.3564
0.1696787,0.3572
0.1696804,0.358
0.169682,0.359
0.1699062,0.3599
0.1699078,0.3608
0.1699094,0.3616
0.169911,0.3625
0.1699125,0.3634
0.1699141,0.3643
0.1699157,0.3652
0.1699172,0.366
0.1699188,0.3669
0.1699203,0.3678
0.1699219,0.3687
0.1699235,0.3696
0.1699251,0.3705
0.1699266,0.3713
0.1699282,0.3721
0.1699298,0.3731
0.1699314,0.374
0.1701556,0.3749
0.1703799,0.3757
0.1703815,0.3766
0.1703831,0.3775
0.1703846,0.3784
0.1706089,0.3793
0.1706105,0.3801
0.1708332,0.3801
0.1708348,0.381
0.1710591,0.3819
0.1710607,0.3828
0.1712833,0.3828
0.1712849,0.3837
0.1715091,0.3846
0.1717335,0.3854
0.1717351,0.3862
0.1719578,0.3862
0.1719594,0.3872
0.1721837,0.3881
0.172408,0.389
0.1724095,0.3899
0.1726322,0.3899
0.1728566,0.3907
0.172858,0.3916
0.1730824,0.3925
0.173084,0.3934
0.1733067,0.3934
0.173531,0.3942
0.1735326,0.3952
0.1737569,0.396
0.1737584,0.3969
0.17376,0.3978
0.1737616,0.3987
0.1737631,0.3996
0.1737647,0.4003
0.1737663,0.4013
0.1737678,0.4022
0.1737694,0.4031
0.173771,0.404
0.1737725,0.4048
0.1737741,0.4057
0.1739984,0.4066
0.174,0.4075
0.1740015,0.4083
0.1740031,0.4092
0.1740047,0.4101
0.1740062,0.411
0.1740078,0.4119
0.1740094,0.4128
0.1740109,0.4136
0.1740125,0.4144
0.1740141,0.4154
0.1742384,0.4163
0.1744627,0.4172
0.174687,0.4181
0.1749113,0.4189
0.1749127,0.4198
0.1751355,0.4198
0.1753583,0.4198
0.175581,0.4198
0.1758037,0.4198
0.1760264,0.4198
0.1762492,0.4198
0.1764719,0.4198
0.1766962,0.4207
0.1769189,0.4207
0.1771416,0.4207
0.1773628,0.4199
0.1775838,0.419
0.1778004,0.4155
0.1778018,0.4163
0.1778035,0.4172
0.1778051,0.4181
0.1780137,0.4102
0.1780153,0.4111
0.1780168,0.4119
0.1780184,0.4128
0.17802,0.4137
0.1780215,0.4146
0.1782019,0.3908
0.1782035,0.3917
0.178205,0.3926
0.1782066,0.3935
0.1782082,0.3942
0.1782097,0.3952
0.1782113,0.3961
0.1782129,0.397
0.1782145,0.3979
0.178216,0.3987
0.1782176,0.3996
0.1782192,0.4005
0.1782207,0.4014
0.1782223,0.4022
0.1782239,0.4031
0.1782254,0.404
0.178227,0.4049
0.1782286,0.4058
0.1782301,0.4067
0.1782317,0.4075
0.1782333,0.4083
0.1782348,0.4093
0.1783791,0.3653
0.1783807,0.3662
0.1783822,0.3671
0.1783838,0.3679
0.1783854,0.3688
0.178387,0.3697
0.1783886,0.3706
0.1783901,0.3715
0.1783917,0.3723
0.1783933,0.3732
0.1783948,0.374
0.1783963,0.375
0.178398,0.3759
0.1783995,0.3767
0.1784011,0.3776
0.1784027,0.3785
0.1784042,0.3794
0.1784058,0.3803
0.1784074,0.3811
0.1784089,0.382
0.1784104,0.3829
0.1784121,0.3838
0.1784136,0.3847
0.1784152,0.3855
0.1784168,0.3864
0.1784184,0.3873
0.1784199,0.3881
0.1784215,0.3891
0.1784231,0.3899
0.1785925,0.3599
0.1785939,0.3609
0.1785956,0.3618
0.1785972,0.3627
0.1785987,0.3635
0.1786002,0.3644
0.1787979,0.3503
0.1787995,0.3512
0.1788011,0.3521
0.1788026,0.353
0.1788042,0.3538
0.1788058,0.3547
0.1788073,0.3556
0.1788089,0.3565
0.1788105,0.3574
0.178812,0.3583
0.1788136,0.3591
0.1790159,0.3477
0.1790175,0.3486
0.1790191,0.3495
0.179223,0.3389
0.1792245,0.3397
0.1792261,0.3407
0.1792277,0.3415
0.1792293,0.3424
0.1792308,0.3433
0.1792324,0.3442
0.179234,0.3451
0.1792355,0.3458
0.1792371,0.3468
0.1794441,0.338
0.1796637,0.3363
0.1796653,0.3371
0.1798817,0.3336
0.1798833,0.3345
0.1798849,0.3354
0.1800998,0.331
0.1801013,0.3319
0.1801029,0.3327
0.1803178,0.3283
0.1803193,0.3292
0.1803209,0.3301
0.1805358,0.3256
0.1805373,0.3266
0.1805389,0.3275
0.1807553,0.324
0.1807569,0.3248
0.180975,0.3222
0.1809765,0.3231
0.181193,0.3195
0.1811945,0.3204
0.1811961,0.3213
0.1814079,0.3152
0.1814094,0.316
0.181411,0.3169
0.1814126,0.3178
0.1814141,0.3187
0.1816118,0.3046
0.1816133,0.3054
0.1816149,0.3064
0.1816165,0.3072
0.1816179,0.3081
0.1816196,0.309
0.1816212,0.3099
0.1816227,0.3108
0.1816242,0.3115
0.1816259,0.3125
0.1816274,0.3134
0.181629,0.3143
0.1818313,0.3028
0.1818329,0.3037
0.1820525,0.302
0.1822737,0.3011
0.1824948,0.3002
0.1827144,0.2985
0.182716,0.2993
0.182934,0.2967
0.1829356,0.2976
0.1831551,0.2958
0.1833763,0.2949
0.1833779,0.2958
0.183599,0.2949
0.1838216,0.295
0.1840445,0.295
0.1842671,0.295
0.1844899,0.295
0.1847126,0.295
0.1849354,0.295
0.1851581,0.295
0.1853792,0.2941
0.1856019,0.2941
0.1858247,0.2941
0.1860474,0.2941
0.1862701,0.2941
0.1864928,0.2941
0.1867156,0.2941
0.1869383,0.2941
0.187161,0.2941
0.1873837,0.2941
0.1876065,0.2941
0.1878308,0.295
0.188055,0.2959
0.1880566,0.2968
0.1880582,0.2977
0.1882825,0.2985
0.188284,0.2993
0.1882856,0.3003
0.1882872,0.3012
0.1882887,0.3021
0.1882903,0.3029
0.1885146,0.3038
0.1885162,0.3047
0.1885177,0.3056
0.1885192,0.3065
0.1885209,0.3073
0.1887452,0.3082
0.1887467,0.3091
0.1887483,0.31
0.1887499,0.3109
0.1887513,0.3117
0.188753,0.3126
0.1887546,0.3135
0.1889788,0.3144
0.1889804,0.3153
0.188982,0.3162
0.1889836,0.317
0.1889851,0.3179
0.1892094,0.3188
0.1894337,0.3197
0.1894353,0.3206
0.1896596,0.3214
0.1896612,0.3223
0.1896627,0.3232
0.189887,0.3241
0.1898885,0.325
0.1898902,0.3258
0.1901144,0.3267
0.190116,0.3276
0.1901176,0.3285
0.1901192,0.3294
0.1901207,0.3303
0.1901223,0.3311
0.1903466,0.332
0.1903481,0.3329
0.1903497,0.3338
0.1905739,0.3347
0.1905756,0.3355
0.1905771,0.3364
0.1905787,0.3373
0.1905803,0.3382
0.1905819,0.3391
0.1905834,0.3399
0.190585,0.3408
0.1905866,0.3417
0.1908108,0.3426
0.1908124,0.3435
0.190814,0.3443
0.1908155,0.3452
0.1908171,0.3461
0.1908187,0.347
0.1908203,0.3479
0.1908218,0.3488
0.1908234,0.3496
0.190825,0.3505
0.1908265,0.3514
0.1908281,0.3523
0.1908296,0.3532
0.1908312,0.354
0.1908328,0.3549
0.1910571,0.3558
0.1910587,0.3567
0.1910602,0.3576
0.1910618,0.3584
0.1910634,0.3593
0.1910649,0.3602
0.1910665,0.3611
0.1910681,0.362
0.1910695,0.3628
0.1910712,0.3637
0.1910728,0.3646
0.1910744,0.3655
0.1910759,0.3664
0.1910775,0.3672
0.1910791,0.3681
0.1910806,0.369
0.1910822,0.3699
0.1910838,0.3708
0.1910853,0.3716
0.1910869,0.3725
0.1910885,0.3734
0.19109,0.3743
0.1910916,0.3752
0.1910932,0.376
0.1910947,0.3769
0.1910963,0.3778
0.1910979,0.3787
0.1913222,0.3796
0.1913237,0.3804
0.1913253,0.3813
0.1913269,0.3822
0.1913284,0.3831
0.19133,0.384
0.1913316,0.3848
0.1913331,0.3857
0.1913347,0.3866
0.1913363,0.3875
0.1913378,0.3884
0.1913394,0.3893
0.191341,0.3901
0.1913426,0.391
0.1915669,0.3919
0.1915684,0.3928
0.1915699,0.3937
0.1917943,0.3945
0.1917957,0.3954
0.1917974,0.3963
0.191799,0.3972
0.1918006,0.3981
0.1918021,0.3989
0.1920264,0.3998
0.192028,0.4007
0.1920296,0.4016
0.1922538,0.4025
0.1922554,0.4033
0.192257,0.4042
0.1922585,0.4051
0.1922601,0.406
0.1922617,0.4069
0.1922633,0.4078
0.1922648,0.4086
0.1922664,0.4095
0.192268,0.4104
0.1922695,0.4113
0.1922711,0.4122
0.1922727,0.413
0.1922742,0.4139
0.1922758,0.4148
0.1925001,0.4157
0.1925017,0.4166
0.1925032,0.4174
0.1927275,0.4183
0.192729,0.4192
0.1927307,0.4201
0.1929548,0.421
0.1929565,0.4218
0.1929581,0.4227
0.1931824,0.4236
0.1931839,0.4245
0.1931855,0.4254
0.1934098,0.4263
0.1934114,0.4271
0.1934129,0.428
0.1936372,0.4289
0.1936388,0.4298
0.1936404,0.4307
0.1938647,0.4315
0.1938662,0.4324
0.1938678,0.4333
0.1938694,0.4342
0.1938709,0.4351
0.1938725,0.4359
0.193874,0.4368
0.1938756,0.4377
0.1938772,0.4386
0.1938788,0.4395
0.1938803,0.4403
0.1938819,0.4412
0.1938835,0.4421
0.1938851,0.443
0.1938866,0.4439
0.1938881,0.4447
0.1938898,0.4456
0.1938913,0.4465
0.1938929,0.4474
0.1938944,0.4483
0.193896,0.4491
0.1941203,0.45
0.1941219,0.4509
0.1941235,0.4518
0.194125,0.4527
0.1941266,0.4536
0.1941282,0.4544
0.1941297,0.4553
0.1941313,0.4562
0.1941329,0.4571
0.1943572,0.458
0.1943587,0.4588
0.1943603,0.4597
0.1943618,0.4606
0.1943634,0.4615
0.194365,0.4624
0.1945893,0.4632
0.1945909,0.4641
0.1945924,0.465
0.1945939,0.4659
0.1945956,0.4668
0.1945971,0.4676
0.1945987,0.4685
0.1946002,0.4694
0.1948246,0.4703
0.194826,0.4712
0.1948277,0.472
0.1948293,0.4729
0.1948308,0.4738
0.1948324,0.4747
0.1950567,0.4756
0.1950583,0.4765
0.1950598,0.4773
0.1950614,0.4782
0.195063,0.4791
0.1950645,0.48
0.1950661,0.4809
0.1950677,0.4817
0.1950692,0.4826
0.1950708,0.4835
0.1950724,0.4844
0.195074,0.4853
0.1950755,0.4861
0.1950771,0.487
0.1950787,0.4879
0.1950802,0.4888
0.1950818,0.4897
0.1950834,0.4905
0.1950849,0.4914
0.1950865,0.4923
0.1950881,0.4932
0.1950896,0.4941
0.1950912,0.4949
0.1950928,0.4958
0.1950943,0.4967
0.1950959,0.4976
0.1950975,0.4985
0.195099,0.4993
0.1951006,0.5002
0.1951022,0.5011
0.1951038,0.502
0.1951053,0.5029
0.1951069,0.5037
0.1951085,0.5046
0.19511,0.5055
0.1951116,0.5064
0.1951132,0.5072
0.1951147,0.5081
0.1951163,0.509
0.1951179,0.5099
0.1951194,0.5108
0.195121,0.5117
0.1951226,0.5125
0.1951241,0.5133
0.1951257,0.5143
0.19535,0.5152
0.1953516,0.5161
0.1953531,0.517
0.1953547,0.5178
0.1953563,0.5187
0.1953578,0.5196
0.1953594,0.5205
0.195361,0.5213
0.1953626,0.5222
0.1953641,0.5231
0.1953657,0.524
0.1953673,0.5249
0.1953688,0.5258
0.1953704,0.5266
0.1953719,0.5274
0.1955963,0.5284
0.1955977,0.5293
0.1955994,0.5302
0.195601,0.531
0.1956025,0.5319
0.195604,0.5328
0.1956057,0.5337
0.1956072,0.5346
0.1958315,0.5354
0.1958331,0.5363
0.1958347,0.5372
0.1958362,0.5381
0.1960605,0.539
0.1960621,0.5398
0.1960637,0.5407
0.196288,0.5415
0.1962894,0.5425
0.1962911,0.5434
0.1962927,0.5443
0.1965154,0.5443
0.1965169,0.5451
0.1965185,0.546
0.1967428,0.5469
0.1967444,0.5478
0.1967459,0.5487
0.1969702,0.5495
0.1971945,0.5504
0.1971961,0.5513
0.1974203,0.5522
0.197422,0.5531
0.1974235,0.554
0.1974251,0.5548
0.1974267,0.5556
0.1974282,0.5566
0.1976524,0.5575
0.1976541,0.5584
0.1976557,0.5592
0.1976572,0.5601
0.1976588,0.561
0.1976604,0.5619
0.1976619,0.5628
0.1976635,0.5636
0.1976651,0.5645
0.1976665,0.5654
0.1976682,0.5663
0.1976698,0.5672
0.1976713,0.568
0.1976729,0.5689
0.1978972,0.5697
0.1978988,0.5707
0.1979003,0.5716
0.1979019,0.5724
0.1979035,0.5733
0.197905,0.5742
0.1979066,0.5751
0.1979082,0.576
0.1979098,0.5768
0.1979113,0.5777
0.1979129,0.5786
0.1979144,0.5795
0.197916,0.5804
0.1979176,0.5812
0.1979192,0.5821
0.1979207,0.583
0.1979223,0.5838
0.1979239,0.5848
0.1979254,0.5857
0.197927,0.5865
0.1979285,0.5874
0.1979301,0.5883
0.1979317,0.5892
0.1979333,0.5901
0.1979348,0.5909
0.1979364,0.5918
0.197938,0.5927
0.1979396,0.5936
0.1979411,0.5945
0.1979426,0.5953
0.1979443,0.5962
0.1979458,0.5971
0.1979474,0.5979
0.1979489,0.5989
0.1979505,0.5997
0.1979521,0.6006
0.1979537,0.6015
0.1979552,0.6024
0.1979567,0.6033
0.1979584,0.604
0.1979599,0.605
0.1979615,0.6059
0.197963,0.6068
0.1979646,0.6077
0.1979662,0.6085
0.1979678,0.6094
0.1979694,0.6103
0.1979708,0.6112
0.1979725,0.612
0.1981968,0.6129
0.1981983,0.6138
0.1981999,0.6147
0.1982015,0.6156
0.1982031,0.6165
0.1982046,0.6173
0.1982062,0.6181
0.1982078,0.6191
0.1982093,0.62
0.1982109,0.6209
0.1982125,0.6217
0.198214,0.6226
0.1982156,0.6235
0.1982172,0.6244
0.1982187,0.6253
0.198443,0.6261
0.1984445,0.627
0.1984462,0.6279
0.1984477,0.6288
0.1984493,0.6297
0.1986736,0.6306
0.1986752,0.6314
0.1986766,0.6322
0.1986783,0.6332
0.1991739,0.5364
0.1991755,0.5373
0.1991771,0.5381
0.1991786,0.539
0.1991802,0.5399
0.1993825,0.5285
0.1993841,0.5293
0.1993857,0.5302
0.1993873,0.5311
0.1993888,0.532
0.1993904,0.5329
0.199392,0.5337
0.1993935,0.5346
0.1993951,0.5354
0.1995331,0.488
0.1995347,0.4888
0.1995363,0.4897
0.1995377,0.4906
0.1995394,0.4915
0.199541,0.4924
0.1995425,0.4932
0.1995441,0.4941
0.1995457,0.495
0.1995472,0.4959
0.1995488,0.4968
0.1995504,0.4976
0.1995518,0.4985
0.1995535,0.4994
0.1995551,0.5003
0.1995566,0.5011
0.1995582,0.502
0.1995598,0.5029
0.1995614,0.5038
0.1995629,0.5047
0.1995645,0.5056
0.1995661,0.5064
0.1995676,0.5072
0.1995692,0.5082
0.1995708,0.5091
0.1995723,0.51
0.1995739,0.5109
0.1995755,0.5117
0.199577,0.5126
0.1995786,0.5135
0.1995802,0.5144
0.1995817,0.5152
0.1995833,0.5161
0.1995849,0.517
0.1995864,0.5179
0.199588,0.5188
0.1995896,0.5197
0.1995912,0.5205
0.1995927,0.5213
0.1995943,0.5223
0.1995958,0.5232
0.1995974,0.5241
0.199599,0.5249
0.1996006,0.5258
0.1996021,0.5267
0.1996037,0.5276
0.1997464,0.4827
0.199748,0.4836
0.1997496,0.4844
0.1997511,0.4853
0.1997527,0.4862
0.1997543,0.487
0.1999644,0.48
0.199966,0.4809
0.1999676,0.4818
0.2001825,0.4774
0.200184,0.4783
0.2001856,0.4792
0.2004005,0.4748
0.2004021,0.4757
0.2004036,0.4765
0.2006185,0.4721
0.20062,0.4729
0.2006216,0.4739
0.200838,0.4704
0.2008397,0.4713
0.2010592,0.4695
0.2012804,0.4686
0.201282,0.4695
0.201503,0.4686
0.2017243,0.4677
0.201947,0.4678
0.2021682,0.4668
0.2023909,0.4668
0.2026152,0.4678
0.2028378,0.4678
0.203059,0.4668
0.2030606,0.4678
0.2030622,0.4686
0.2032865,0.4695
0.203288,0.4704
0.2032896,0.4713
0.2032912,0.4722
0.2032927,0.4731
0.203517,0.4739
0.2035186,0.4748
0.2035202,0.4757
0.2035217,0.4766
0.2035232,0.4775
0.2037476,0.4783
0.2037492,0.4792
0.2037507,0.4801
0.2037523,0.4809
0.2037539,0.4819
0.2037553,0.4827
0.203757,0.4836
0.2037586,0.4845
0.2037601,0.4854
0.2037617,0.4863
0.203986,0.487
0.2039876,0.488
0.2039891,0.4889
0.2042134,0.4898
0.204215,0.4907
0.2042166,0.4916
0.2044409,0.4924
0.2044424,0.4933
0.204444,0.4942
0.2046683,0.495
0.2046699,0.496
0.2046714,0.4968
0.2048957,0.4977
0.2048973,0.4986
0.2048989,0.4995
0.2051232,0.5004
0.2051247,0.5011
0.2051263,0.5021
0.2051279,0.503
0.2051294,0.5039
0.205131,0.5048
0.2051326,0.5057
0.2051341,0.5065
0.2051357,0.5074
0.2051373,0.5083
0.2051388,0.5091
0.2051404,0.5101
0.205142,0.5109
0.2051435,0.5118
0.2051451,0.5127
0.2051467,0.5135
0.2051482,0.5145
0.2051498,0.5152
0.2051514,0.5162
0.2053757,0.5171
0.2053772,0.518
0.2053788,0.5189
0.2053804,0.5197
0.2053819,0.5206
0.2053835,0.5215
0.2053851,0.5224
0.2053867,0.5232
0.2053881,0.5241
0.2053898,0.525
0.2053914,0.5259
0.2053929,0.5268
0.2053945,0.5276
0.2056188,0.5285
0.2056204,0.5293
0.2058431,0.5293
0.2058446,0.5303
0.2060689,0.5312
0.2060705,0.5321
0.2062948,0.533
0.2065191,0.5338
0.2067433,0.5347
0.206745,0.5356
0.2069691,0.5365
0.2069708,0.5373
0.2071951,0.5383
0.2074194,0.5391
0.2076437,0.54
0.2076453,0.5409
0.2078695,0.5417
0.2080923,0.5417
0.2083166,0.5427
0.2085393,0.5427
0.208762,0.5427
0.2089847,0.5427
0.2092075,0.5427
0.2094285,0.5417
0.2096498,0.5409
0.2102991,0.4054
0.2105218,0.4054
0.2107461,0.4062
0.2109687,0.4062
0.2109704,0.4071
0.2111947,0.408
0.2111963,0.4089
0.2114205,0.4098
0.2116449,0.4107
0.2116463,0.4116
0.2118707,0.4123
0.2118723,0.4133
0.2118739,0.4142
0.2120981,0.4151
0.2120997,0.416
0.2121013,0.4168
0.2123256,0.4177
0.2123271,0.4186
0.2123287,0.4195
0.212553,0.4203
0.2125546,0.4213
0.2125561,0.4221
0.2127804,0.423
0.212782,0.4239
0.2127835,0.4248
0.2130079,0.4257
0.2130094,0.4264
0.213011,0.4274
0.2130126,0.4283
0.2130141,0.4292
0.2130157,0.4301
0.2130173,0.4309
0.2130188,0.4318
0.2132431,0.4327
0.2132447,0.4336
0.2132463,0.4344
0.2132478,0.4353
0.2132494,0.4362
0.213251,0.4371
0.2132525,0.438
0.2132541,0.4389
0.2132557,0.4397
0.2132572,0.4405
0.2132588,0.4415
0.2132604,0.4424
0.213262,0.4433
0.2132635,0.4441
0.2134878,0.445
0.2134894,0.4459
0.2134909,0.4468
0.2134925,0.4477
0.2134941,0.4485
0.2134957,0.4494
0.2134971,0.4503
0.2134988,0.4512
0.2135004,0.4521
0.2135019,0.453
0.2135034,0.4538
0.2135051,0.4546
0.2135066,0.4556
0.2135082,0.4565
0.2135098,0.4574
0.2137341,0.4582
0.2137356,0.4591
0.2137372,0.46
0.2137388,0.4609
0.2137403,0.4618
0.2137419,0.4626
0.2137435,0.4635
0.213745,0.4644
0.2137466,0.4653
0.2137482,0.4662
0.2137497,0.467
0.2137513,0.4679
0.2137529,0.4687
0.2137545,0.4697
0.213756,0.4706
0.2137576,0.4714
0.2137591,0.4723
0.2137607,0.4732
0.2137623,0.4741
0.2137639,0.475
0.2137654,0.4758
0.213767,0.4767
0.2137686,0.4776
0.2137701,0.4785
0.2137717,0.4794
0.2137732,0.4802
0.2137748,0.4811
0.2137764,0.482
0.213778,0.4828
0.2137795,0.4838
0.2137811,0.4847
0.2137827,0.4855
0.2137843,0.4864
0.2137858,0.4873
0.2137873,0.4882
0.213789,0.4891
0.2137905,0.4899
0.2137921,0.4908
0.2137936,0.4917
0.2137952,0.4926
0.2137968,0.4935
0.2137984,0.4943
0.2137999,0.4952
0.2138014,0.4961
0.2138031,0.4969
0.2138046,0.4979
0.2138062,0.4987
0.2138077,0.4996
0.2138093,0.5005
0.2138109,0.5013
0.2138125,0.5023
0.2140368,0.503
0.2140383,0.504
0.2140399,0.5049
0.2140415,0.5058
0.2142658,0.5067
0.2142673,0.5074
0.2142689,0.5084
0.2142705,0.5093
0.2144948,0.5102
0.2144963,0.511
0.2144979,0.5119
0.2144995,0.5128
0.214501,0.5137
0.2147252,0.5146
0.2147269,0.5154
0.2147285,0.5164
0.21473,0.5171
0.2147316,0.5181
0.2147332,0.519
0.2147347,0.5199
0.2147363,0.5208
0.2147379,0.5215
0.2147395,0.5225
0.214741,0.5234
0.2147426,0.5243
0.2149449,0.5128
0.2149465,0.5137
0.2149481,0.5146
0.2149496,0.5154
0.2149512,0.5164
0.2149527,0.5171
0.2149543,0.5181
0.2149559,0.519
0.2149575,0.5199
0.214959,0.5208
0.2149606,0.5215
0.2149622,0.5225
0.2149637,0.5234
0.2149653,0.5243
0.2149668,0.5252
0.2149684,0.526
0.21497,0.5269
0.2149716,0.5278
0.2149731,0.5287
0.2149747,0.5295
0.2149763,0.5304
0.2149779,0.5312
0.2151645,0.511
0.2151661,0.512
0.2153857,0.5102
0.2156052,0.5084
0.2156068,0.5093
0.2158248,0.5067
0.2158264,0.5076
0.2160444,0.5049
0.216046,0.5058
0.2162624,0.5023
0.216264,0.5032
0.2162656,0.5041
0.2164805,0.4997
0.216482,0.5005
0.2164836,0.5013
0.2166985,0.4969
0.2167,0.4979
0.2167016,0.4988
0.2169165,0.4944
0.2169181,0.4953
0.2169196,0.4961
0.217136,0.4926
0.2171376,0.4935
0.2173572,0.4917
0.2175768,0.49
0.2175784,0.4909
0.2177964,0.4882
0.217798,0.4891
0.2180176,0.4874
0.2182371,0.4856
0.2182387,0.4865
0.2184567,0.4838
0.2184583,0.4847
0.2186779,0.483
0.218899,0.4821
0.2189005,0.483
0.2191218,0.4821
0.2193445,0.4821
0.2195655,0.4812
0.2197884,0.4812
0.2200111,0.4812
0.2202322,0.4803
0.2204534,0.4795
0.2206745,0.4786
0.2208957,0.4777
0.22112,0.4786
0.2213427,0.4786
0.2213443,0.4795
0.221567,0.4795
0.2217913,0.4804
0.2217929,0.4812
0.2217944,0.4821
0.221796,0.483
0.2217976,0.4839
0.2217991,0.4848
0.2218007,0.4856
0.222025,0.4865
0.2220266,0.4874
0.2220281,0.4883
0.2220297,0.4892
0.2220313,0.4901
0.2220328,0.4909
0.2220344,0.4918
0.222036,0.4927
0.2220375,0.4936
0.2220391,0.4945
0.2220407,0.4953
0.2220423,0.4962
0.2220438,0.4971
0.2220454,0.498
0.222047,0.4989
0.2220485,0.4997
0.2222728,0.5006
0.2222744,0.5015
0.222276,0.5024
0.2222775,0.5032
0.2222791,0.5041
0.2222807,0.505
0.2222822,0.5059
0.2225065,0.5068
0.2225081,0.5077
0.2225097,0.5085
0.222734,0.5093
0.2227355,0.5103
0.222737,0.5112
0.2227387,0.5121
0.2227402,0.513
0.2227418,0.5138
0.2227433,0.5147
0.2227449,0.5156
0.2227465,0.5165
0.2227481,0.5173
0.2227496,0.5182
0.2227511,0.5191
0.2227528,0.52
0.2227543,0.5209
0.2227559,0.5218
0.2227574,0.5226
0.222759,0.5234
0.2227606,0.5244
0.2229849,0.5253
0.2229865,0.5262
0.222988,0.527
0.2229896,0.5279
0.2229912,0.5288
0.2229927,0.5297
0.2229943,0.5306
0.2229959,0.5314
0.2229975,0.5323
0.222999,0.5332
0.2230006,0.5341
0.2230022,0.535
0.2230037,0.5358
0.2230053,0.5367
0.2230069,0.5375
0.2230084,0.5385
0.22301,0.5394
0.2230116,0.5402
0.2230131,0.5411
0.2230147,0.542
0.2230163,0.5429
0.2230178,0.5438
0.2230194,0.5446
0.223021,0.5455
0.2230225,0.5464
0.2230241,0.5473
0.2230257,0.5482
0.2230273,0.549
0.2230288,0.5499
0.2230304,0.5508
0.223032,0.5516
0.2230335,0.5526
0.2230351,0.5534
0.2230367,0.5543
0.2230382,0.5552
0.2230398,0.5561
0.2230414,0.557
0.2230429,0.5577
0.2230445,0.5587
0.2230461,0.5596
0.2230476,0.5605
0.2230492,0.5614
0.2230508,0.5623
0.2230524,0.5631
0.2230539,0.564
0.2230555,0.5649
0.2230571,0.5657
0.2230586,0.5667
0.2230602,0.5675
0.2230618,0.5684
0.2230633,0.5693
0.2230649,0.5702
0.2230665,0.5711
0.223068,0.5718
0.2230695,0.5728
0.2230712,0.5737
0.2230727,0.5746
0.2230743,0.5755
0.2230759,0.5763
0.2230774,0.5772
0.223079,0.5781
0.2230806,0.579
0.2230822,0.5798
0.2230836,0.5807
0.2230853,0.5816
0.2230869,0.5825
0.2230884,0.5834
0.22309,0.5843
0.2230916,0.5851
0.2230931,0.5859
0.2230947,0.5869
0.2230963,0.5878
0.2230977,0.5887
0.2230994,0.5895
0.223101,0.5904
0.2231025,0.5913
0.2231041,0.5922
0.2231057,0.5931
0.22333,0.5939
0.2233315,0.5948
0.2233331,0.5957
0.2233347,0.5966
0.2233362,0.5975
0.2233378,0.5983
0.2233394,0.5992
0.2233409,0.6
0.2233425,0.601
0.2233441,0.6019
0.2233457,0.6027
0.2233472,0.6036
0.2233488,0.6045
0.2233504,0.6054
0.2233519,0.6063
0.2233535,0.6072
0.2233551,0.608
0.2233566,0.6089
0.2233582,0.6098
0.2233598,0.6107
0.223584,0.6116
0.2235856,0.6124
0.2235872,0.6133
0.2238115,0.6141
0.2238131,0.6151
0.2238146,0.616
0.2238162,0.6168
0.2238178,0.6177
0.2238193,0.6186
0.2238209,0.6195
0.2238225,0.6204
0.2238239,0.6212
0.2238256,0.6221
0.2238272,0.623
0.2238287,0.6239
0.224053,0.6248
0.2240546,0.6256
0.2240562,0.6265
0.2240577,0.6274
0.2240593,0.6282
0.2240609,0.6292
0.2240624,0.63
0.224064,0.6309
0.2240656,0.6318
0.2240672,0.6327
0.2240687,0.6336
0.2240703,0.6343
0.2240719,0.6353
0.2240734,0.6362
0.224075,0.6371
0.2240766,0.638
0.2240781,0.6389
0.2240796,0.6397
0.2240813,0.6406
0.2240828,0.6415
0.2240844,0.6423
0.224086,0.6433
0.2240875,0.6441
0.2240891,0.645
0.2240907,0.6459
0.2240922,0.6468
0.2240937,0.6477
0.2240954,0.6484
0.224097,0.6494
0.2240985,0.6503
0.2241001,0.6512
0.2241017,0.6521
0.2241032,0.6529
0.2241048,0.6538
0.2241064,0.6547
0.2241078,0.6556
0.2241095,0.6564
0.2241111,0.6573
0.2241126,0.6582
0.2241142,0.6591
0.2241158,0.66
0.2241173,0.6609
0.2241189,0.6617
0.2241205,0.6625
0.2241219,0.6635
0.2241236,0.6644
0.2241252,0.6653
0.2241268,0.6661
0.2241283,0.667
0.2241299,0.6679
0.2241315,0.6688
0.224133,0.6697
0.2241346,0.6705
0.2241362,0.6714
0.2241377,0.6723
0.2241393,0.6732
0.2241409,0.6741
0.2241424,0.6749
0.224144,0.6758
0.2241456,0.6766
0.2241471,0.6776
0.2241487,0.6785
0.2241503,0.6793
0.2241518,0.6802
0.2241534,0.6811
0.224155,0.682
0.2241566,0.6829
0.2241581,0.6837
0.2241597,0.6846
0.2241613,0.6855
0.2241628,0.6864
0.2241644,0.6873
0.224166,0.6881
0.2241675,0.689
0.2241691,0.6899
0.2241707,0.6907
0.2241722,0.6917
0.2241738,0.6925
0.2243981,0.6934
0.2243997,0.6943
0.2244012,0.6952
0.2244028,0.6961
0.2244043,0.697
0.2244059,0.6978
0.2244075,0.6987
0.2244091,0.6996
0.2244106,0.7005
0.2244122,0.7014
0.2244138,0.7022
0.2244154,0.7031
0.2244169,0.704
0.2244184,0.7048
0.2244201,0.7058
0.2244216,0.7066
0.2244232,0.7075
0.2244248,0.7084
0.2244263,0.7093
0.2244279,0.7102
0.2244295,0.7109
0.224431,0.7119
0.2244325,0.7128
0.2244342,0.7137
0.2244357,0.7146
0.2244373,0.7154
0.2244389,0.7163
0.2244404,0.7172
0.224442,0.7181
0.2246663,0.7189
0.2248906,0.7198
0.2248921,0.7207
0.2248937,0.7216
0.2248953,0.7225
0.2248969,0.7234
0.2251212,0.7243
0.2251227,0.725
0.2251243,0.726
0.2253486,0.7269
0.2253502,0.7278
0.2255745,0.7287
0.2257987,0.7295
0.2258003,0.7304
0.2260246,0.7313
0.2260262,0.7322
0.2260277,0.733
0.226252,0.734
0.2262536,0.7348
0.2262551,0.7357
0.2264795,0.7366
0.2264809,0.7375
0.2264826,0.7384
0.2267069,0.7391
0.2267085,0.7401
0.22671,0.741
0.2269343,0.7419
0.2269359,0.7428
0.2269375,0.7436
0.226939,0.7445
0.2269405,0.7454
0.2269422,0.7463
0.2271665,0.7471
0.227168,0.7481
0.2271696,0.7489
0.2273939,0.7498
0.2273954,0.7507
0.227397,0.7516
0.2273986,0.7525
0.2274002,0.7532
0.2274017,0.7542
0.2274033,0.7551
0.2274049,0.756
0.2274064,0.7569
0.227408,0.7577
0.2274096,0.7586
0.2274111,0.7595
0.2274127,0.7604
0.227637,0.7612
0.2276385,0.7621
0.2276401,0.763
0.2276417,0.7639
0.2276433,0.7648
0.2276448,0.7657
0.2276463,0.7665
0.227648,0.7673
0.2278723,0.7683
0.2278738,0.7692
0.2280981,0.7701
0.2280997,0.771
0.2281013,0.7718
0.228324,0.7718
0.2283256,0.7727
0.2283271,0.7736
0.2285514,0.7745
0.228553,0.7753
0.2287772,0.7762
0.2287788,0.7771
0.2287804,0.778
0.2290047,0.7789
0.2290063,0.7798
0.2290078,0.7806
0.2292321,0.7814
0.2294549,0.7814
0.2296791,0.7824
0.2299019,0.7824
0.2301246,0.7824
0.2303457,0.7814
0.2305685,0.7816
0.2307912,0.7816
0.2310155,0.7824
0.2312382,0.7824
0.2314609,0.7824
0.2316836,0.7824
0.2319064,0.7825
0.2321291,0.7825
0.2323503,0.7816
0.2325714,0.7807
0.2325745,0.6575
0.232576,0.6583
0.2325777,0.6592
0.2325792,0.6601
0.2325808,0.661
0.2325824,0.6619
0.232584,0.6627
0.2325855,0.6636
0.2325871,0.6644
0.2325887,0.6654
0.2325901,0.6663
0.2325918,0.6671
0.2325934,0.668
0.2325949,0.6689
0.2325965,0.6698
0.2325981,0.6707
0.2325996,0.6715
0.2326012,0.6724
0.2326028,0.6733
0.2326042,0.6742
0.2326059,0.6751
0.2326075,0.6759
0.232609,0.6768
0.2326106,0.6777
0.2326122,0.6785
0.2326138,0.6795
0.2326153,0.6803
0.2326169,0.6812
0.2326185,0.6821
0.23262,0.683
0.2326216,0.6839
0.2326232,0.6848
0.2326247,0.6856
0.2326263,0.6865
0.2326279,0.6874
0.2326294,0.6883
0.232631,0.6892
0.2326326,0.69
0.2326341,0.6909
0.2326357,0.6918
0.2326373,0.6926
0.2326388,0.6936
0.2326404,0.6944
0.232642,0.6953
0.2326436,0.6962
0.2327769,0.646
0.2327784,0.6469
0.23278,0.6478
0.2327816,0.6487
0.2327831,0.6495
0.2327847,0.6503
0.2327863,0.6513
0.2327879,0.6522
0.2327894,0.6531
0.232791,0.6539
0.2327926,0.6548
0.2327941,0.6557
0.2327957,0.6566
0.2328678,0.6971
0.2328694,0.698
0.232871,0.6987
0.2328726,0.6997
0.232874,0.7006
0.2328757,0.7015
0.2328773,0.7024
0.2328788,0.7032
0.2328803,0.7041
0.232882,0.705
0.2328835,0.7059
0.2328851,0.7067
0.2328867,0.7076
0.2328881,0.7085
0.2328898,0.7094
0.2328914,0.7103
0.2328929,0.7112
0.2328944,0.712
0.2328961,0.7128
0.2328976,0.7138
0.2328992,0.7147
0.2329714,0.7551
0.2329729,0.7561
0.2329745,0.7569
0.2329761,0.7578
0.2329776,0.7587
0.2329792,0.7596
0.2329808,0.7605
0.2329823,0.7612
0.2329839,0.7622
0.2329855,0.7631
0.232987,0.764
0.2329886,0.7649
0.2329902,0.7657
0.2329918,0.7666
0.2329933,0.7675
0.2329949,0.7684
0.2329965,0.7692
0.232998,0.7701
0.2329996,0.771
0.2330012,0.7719
0.2330027,0.7728
0.2331235,0.7156
0.2331251,0.7164
0.2331266,0.7173
0.2331282,0.7182
0.2331298,0.7191
0.2331313,0.72
0.2331329,0.7208
0.2331345,0.7217
0.233136,0.7226
0.2331376,0.7235
0.2331392,0.7244
0.2331408,0.7252
0.2331423,0.7261
0.2331439,0.7269
0.2331455,0.7279
0.233147,0.7288
0.2331486,0.7297
0.2331502,0.7305
0.2331517,0.7314
0.2331533,0.7323
0.2331549,0.7332
0.2331564,0.7341
0.233158,0.7349
0.2331596,0.7358
0.2331612,0.7367
0.2331627,0.7376
0.2331643,0.7385
0.2331659,0.7393
0.2331674,0.7402
0.233169,0.741
0.2331706,0.742
0.2331721,0.7429
0.2331737,0.7437
0.2331753,0.7446
0.2331768,0.7455
0.2331784,0.7464
0.23318,0.7473
0.2331815,0.7481
0.2331831,0.749
0.2331847,0.7499
0.2331862,0.7508
0.2331878,0.7517
0.2331894,0.7525
0.233191,0.7534
0.2331925,0.7543
0.2332066,0.6372
0.2332082,0.6381
0.2332098,0.639
0.2332113,0.6399
0.2332129,0.6407
0.2334278,0.6362
0.2336489,0.6355
0.2338717,0.6355
0.2340944,0.6355
0.2343171,0.6355
0.2345383,0.6346
0.234761,0.6346
0.2349821,0.6337
0.2352049,0.6337
0.2354276,0.6337
0.2356503,0.6337
0.2358746,0.6346
0.2360973,0.6346
0.2363216,0.6355
0.2365459,0.6364
0.2367686,0.6364
0.2369929,0.6373
0.2372156,0.6373
0.2374399,0.6381
0.2376627,0.6381
0.2376642,0.6391
0.237887,0.6391
0.2378885,0.6399
0.2378901,0.6408
0.2378917,0.6417
0.2378932,0.6425
0.2381175,0.6435
0.2381191,0.6442
0.2381207,0.6452
0.2383449,0.6461
0.2383465,0.647
0.2383481,0.6479
0.2385724,0.6487
0.2385739,0.6496
0.2385755,0.6505
0.2387997,0.6514
0.2388014,0.6522
0.2388029,0.6532
0.2388045,0.654
0.2388061,0.6549
0.2388075,0.6558
0.2390319,0.6566
0.2390335,0.6576
0.2392578,0.6583
0.2394821,0.6593
0.2394837,0.6602
0.239708,0.6611
0.2397095,0.662
0.2397111,0.6627
0.2399354,0.6637
0.2399369,0.6646
0.2401612,0.6655
0.2401628,0.6663
0.2401644,0.6673
0.2403871,0.6673
0.2403887,0.6681
0.2403902,0.669
0.2406145,0.6699
0.240616,0.6707
0.2406177,0.6717
0.240842,0.6724
0.2408435,0.6734
0.2408451,0.6743
0.2410694,0.6752
0.241071,0.6761
0.2410725,0.677
0.2410741,0.6778
0.2410757,0.6787
0.2410772,0.6796
0.2410788,0.6804
0.2410804,0.6814
0.2410819,0.6822
0.2410835,0.6831
0.2410851,0.684
0.2410866,0.6848
0.2413109,0.6858
0.2413125,0.6865
0.2413141,0.6875
0.2413155,0.6884
0.2413172,0.6893
0.2413188,0.6902
0.2413203,0.6909
0.2413219,0.6919
0.2413235,0.6928
0.2415478,0.6937
0.2415493,0.6945
0.2415509,0.6954
0.2417752,0.6963
0.2417768,0.6972
0.2417783,0.6981
0.2420026,0.6989
0.2420042,0.6999
0.2420058,0.7006
0.2422301,0.7016
0.2422316,0.7025
0.2424559,0.7034
0.2426802,0.7043
0.2426818,0.705
0.2429061,0.706
0.2429076,0.7069
0.2429092,0.7078
0.2431335,0.7086
0.2431351,0.7096
0.2431366,0.7104
0.2433609,0.7113
0.2433625,0.7122
0.2433641,0.713
0.2435883,0.714
0.2435899,0.7147
0.2438142,0.7157
0.2440385,0.7166
0.2442628,0.7175
0.2442644,0.7184
0.244487,0.7184
0.2444887,0.7193
0.2447128,0.7201
0.2449372,0.721
0.24516,0.721
0.2453841,0.7219
0.245607,0.7219
0.2456085,0.7227
0.2458328,0.7237
0.2458344,0.7246
0.2460587,0.7254
0.246283,0.7263
0.2465072,0.7271
0.2465088,0.7281
0.2467316,0.7281
0.246733,0.729
0.2469574,0.7299
0.246959,0.7307
0.2471817,0.7307
0.2471833,0.7316
0.2471849,0.7325
0.2474091,0.7334
0.2474107,0.7343
0.247635,0.7351
0.2478593,0.736
0.2478609,0.7368
0.2480852,0.7378
0.2480867,0.7387
0.2480883,0.7396
0.2483126,0.7404
0.2483142,0.7412
0.2483157,0.7422
0.24854,0.7431
0.2485415,0.744
0.2487659,0.7448
0.2489902,0.7457
0.2492145,0.7466
0.249216,0.7475
0.2494386,0.7475
0.2494403,0.7484
0.2494419,0.7492
0.2496662,0.7501
0.2496677,0.751
0.2496693,0.7519
0.2498936,0.7528
0.2498952,0.7537
0.2498967,0.7545
0.250121,0.7553
0.2501226,0.7563
0.2501242,0.7572
0.2503485,0.7581
0.25035,0.759
0.2503516,0.7598
0.2505758,0.7607
0.2505775,0.7616
0.250579,0.7625
0.2508033,0.7633
0.2508049,0.7642
0.2508065,0.7651
0.2510307,0.766
0.2510323,0.7669
0.2510339,0.7678
0.2510355,0.7686
0.251037,0.7694
0.2510386,0.7704
0.2510402,0.7713
0.2510417,0.7722
0.2510433,0.773
0.2512676,0.7739
0.2512692,0.7748
0.2512707,0.7757
0.2512723,0.7766
0.2512739,0.7774
0.2512753,0.7783
0.251277,0.7792
0.2512786,0.7801
0.2512801,0.781
0.2512817,0.7819
0.2512833,0.7827
0.2515076,0.7835
0.2517319,0.7845
0.2519561,0.7854
0.2521804,0.7863
0.2524047,0.7872
0.252629,0.788
0.2528533,0.7889
0.2530776,0.7898
0.2533019,0.7907
0.2535262,0.7915
0.2537489,0.7915
0.2539731,0.7925
0.2541959,0.7925
0.2541975,0.7933
0.2544218,0.7942
0.2544234,0.7951
0.2546476,0.796
0.2548719,0.7969
0.2548735,0.7978
0.2550977,0.7986
0.2550994,0.7995
0.2553237,0.8004
0.2555479,0.8013
0.2557722,0.8022
0.2559965,0.8031
0.2559981,0.8039
0.2562224,0.8048
0.256224,0.8056
0.2562255,0.8066
0.2564498,0.8075
0.2564514,0.8083
0.2566757,0.8092
0.2569,0.8101
0.2569015,0.811
0.2571258,0.8119
0.2571274,0.8128
0.2573517,0.8136
0.257576,0.8145
0.2578003,0.8154
0.2580246,0.8163
0.2582489,0.8172
0.2584731,0.8181
0.2586974,0.8189
0.2589217,0.8197
0.259146,0.8207
0.2593703,0.8216
0.2593719,0.8225
0.2595962,0.8234
0.2595977,0.8242
0.259822,0.8251
0.2600463,0.826
0.2602706,0.8269
0.2604949,0.8277
0.2607176,0.8277
0.2609419,0.8287
0.2611646,0.8287
0.2611662,0.8295
0.2613905,0.8304
0.2613921,0.8313
0.2616164,0.8322
0.2618407,0.8331
0.2618422,0.8338
0.2618437,0.8348
0.2618454,0.8357
0.2618469,0.8366
0.2620712,0.8375
0.2620728,0.8384
0.2622971,0.8392
0.2625213,0.8401
0.2627457,0.841
0.26297,0.8418
0.2631927,0.8418
0.263417,0.8428
0.2636397,0.8428
0.2638639,0.8437
0.2640883,0.8445
0.2643126,0.8454
0.2645369,0.8463
0.264761,0.8472
0.2649854,0.8481
0.2652082,0.8481
0.2654325,0.849
0.2656552,0.849
0.2658795,0.8498
0.2661038,0.8507
0.2663281,0.8516
0.2665523,0.8525
0.2667751,0.8525
0.2669994,0.8534
0.2672221,0.8534
0.2674464,0.8542
0.2676707,0.8552
0.2678934,0.8552
0.2681177,0.8559
0.2683404,0.8559
0.2685631,0.8561
0.2687873,0.8569
0.2690101,0.8569
0.2692344,0.8578
0.2694572,0.8578
0.2696814,0.8587
0.2699057,0.8596
0.2701285,0.8596
0.2703512,0.8596
0.2705755,0.8605
0.2707982,0.8605
0.2710209,0.8605
0.2712436,0.8605
0.2714664,0.8605
0.2716891,0.8605
0.2719102,0.8596
0.272133,0.8596
0.2723557,0.8596
0.2725784,0.8596
0.2728011,0.8596
0.2730239,0.8596
0.2732466,0.8596
0.2734693,0.8596
0.273692,0.8596
0.2739132,0.8588
0.2741359,0.8588
0.2743571,0.8578
0.2745798,0.8578
0.2748009,0.857
0.2750221,0.8561
0.2752448,0.8561
0.275466,0.8553
0.2756886,0.8553
0.2759098,0.8544
0.276131,0.8535
0.2761326,0.8544
0.2763537,0.8535
0.2765749,0.8526
0.2767976,0.8527
0.2770188,0.8518
0.2772415,0.8518
0.2774626,0.8509
0.2776854,0.8509
0.2779064,0.85
0.2781292,0.85
0.2783519,0.85
0.2785747,0.85
0.2787974,0.85
0.2790201,0.85
0.2792428,0.85
0.2794656,0.85
0.2796883,0.85
0.279911,0.85
0.2801337,0.85
0.280358,0.8509
0.2805823,0.8518
0.2808066,0.8527
0.2808082,0.8536
0.2810309,0.8536
0.2810325,0.8545
0.2812568,0.8554
0.2812583,0.8561
0.2814811,0.8561
0.2814826,0.8571
0.2817069,0.858
0.2817085,0.8589
0.2819327,0.8598
0.2819343,0.8607
0.2821571,0.8607
0.2823814,0.8615
0.2823829,0.8624
0.2826072,0.8633
0.2828315,0.8641
0.2830558,0.8651
0.2832801,0.866
0.2835044,0.8668
0.2837287,0.8677
0.2839529,0.8686
0.2841773,0.8695
0.2844015,0.8704
0.2846258,0.8713
0.28485,0.8721
0.2850744,0.873
0.2852987,0.8739
0.2855213,0.8739
0.2857457,0.8748
0.2859685,0.8748
0.2861912,0.8748
0.2864123,0.8739
0.2866351,0.8739
0.2868578,0.8739
0.2870805,0.8739
0.2873017,0.8731
0.2875244,0.8731
0.2877471,0.8731
0.2879698,0.8731
0.288191,0.8721
0.2884137,0.8721
0.2886364,0.8721
0.2888591,0.8721
0.2890803,0.8713
0.289303,0.8713
0.2895257,0.8713
0.2897485,0.8713
0.2899696,0.8705
0.2901923,0.8705
0.2904151,0.8705
0.2906378,0.8705
0.2908605,0.8705
0.2910848,0.8713
0.2913091,0.8721
0.2915333,0.8731
0.2917561,0.8731
0.2917577,0.874
0.291982,0.8749
0.2922046,0.8749
0.292429,0.8758
0.2924306,0.8766
0.2926548,0.8775
0.2928776,0.8775
0.2928791,0.8784
0.2931034,0.8793
0.2933262,0.8793
0.2935504,0.8801
0.293552,0.8811
0.2937747,0.8811
0.293999,0.882
0.2942233,0.8828
0.2944476,0.8837
0.2946703,0.8837
0.2948931,0.8837
0.2951158,0.8837
0.2953385,0.8837
0.2955612,0.8837
0.2957839,0.8837
0.2960067,0.8837
0.2962294,0.8837
0.2964521,0.8838
0.2966747,0.8838
0.296896,0.8829
0.2971187,0.8829
0.2973414,0.8829
0.2975642,0.8829
0.2977869,0.8829
0.2980096,0.8829
0.2982323,0.8829
0.2984551,0.8829
0.2986778,0.8829
0.2988989,0.882
0.2991217,0.882
0.2993444,0.882
0.2995671,0.882
0.2997898,0.882
0.300011,0.8812
0.3002337,0.8812
0.3004564,0.8812
0.3006791,0.8812
0.3009003,0.8803
0.301123,0.8803
0.3013457,0.8803
0.3015685,0.8803
0.3017912,0.8803
0.3020139,0.8803
0.3022366,0.8803
0.3024609,0.8812
0.3026837,0.8812
0.3026852,0.882
0.3029079,0.882
0.3031322,0.883
0.303355,0.883
0.3035793,0.8839
0.303802,0.8839
0.3040263,0.8847
0.304249,0.8847
0.3042506,0.8856
0.3044733,0.8856
0.3046976,0.8864
0.3049203,0.8864
0.3051446,0.8874
0.3053673,0.8874
0.3055916,0.8883
0.3058143,0.8883
0.3060386,0.8892
0.3062612,0.8892
0.3064841,0.8892
0.3067052,0.8883
0.3069279,0.8883
0.3071507,0.8883
0.3073734,0.8883
0.307596,0.8883
0.3078188,0.8883
0.30804,0.8874
0.3082627,0.8874
0.3084839,0.8866
0.3087066,0.8866
0.3089277,0.8857
0.3091489,0.8848
0.3093716,0.8848
0.3095928,0.8839
0.3098155,0.8839
0.3100366,0.8831
0.3102594,0.8831
0.3104805,0.8822
0.3107033,0.8822
0.310926,0.8822
0.3111503,0.8831
0.311373,0.8831
0.3115957,0.8831
0.3118199,0.884
0.3120427,0.884
0.312267,0.8849
0.3124913,0.8857
0.3127156,0.8866
0.3129383,0.8866
0.3129399,0.8875
0.3131626,0.8875
0.3133853,0.8875
0.3136096,0.8883
0.3138324,0.8883
0.3140551,0.8883
0.3142793,0.8893
0.3145021,0.8893
0.3147248,0.8893
0.3149491,0.8902
0.3151718,0.8902
0.3153961,0.8911
0.3153977,0.892
0.3156204,0.892
0.3156219,0.8928
0.3158463,0.8937
0.3160706,0.8946
0.3162933,0.8946
0.3165175,0.8955
0.3167403,0.8955
0.3169646,0.8963
0.3171889,0.8973
0.3174116,0.8973
0.3176359,0.8981
0.3178586,0.8981
0.3180829,0.899
0.3183072,0.8999
0.3185299,0.8999
0.3187542,0.9008
0.3189769,0.9008
0.3191997,0.9008
0.319424,0.9017
0.3196467,0.9017
0.3198694,0.9017
0.3200937,0.9026
0.3203164,0.9026
0.3205407,0.9035
0.320765,0.9043
0.3209893,0.9052
0.3212136,0.9061
0.3214363,0.9061
0.3216606,0.907
0.3218833,0.907
0.322106,0.907
0.3223303,0.9079
0.3225531,0.9079
0.3227772,0.9088
0.3230016,0.9097
0.3232259,0.9106
0.3234502,0.9114
0.3236745,0.9123
0.3238988,0.9132
0.3241231,0.9141
0.3243474,0.915
0.3245716,0.9159
0.324796,0.9167
0.3250187,0.9167
0.3252429,0.9176
0.3254657,0.9176
0.32569,0.9184
0.3259143,0.9194
0.3261386,0.9203
0.3263613,0.9203
0.3263629,0.9212
0.3265856,0.9212
0.3268098,0.922
0.3270342,0.9229
0.3272585,0.9238
0.3274828,0.9247
0.3274843,0.9256
0.3277086,0.9264
0.3277102,0.9273
0.3279344,0.9282
0.3281588,0.9291
0.3283831,0.93
0.3286074,0.9308
0.32883,0.9308
0.3290544,0.9318
0.3292771,0.9318
0.3294998,0.9318
0.3297241,0.9327
0.3299468,0.9327
0.3301696,0.9327
0.3303938,0.9335
0.3306166,0.9335
0.3308393,0.9336
0.3310636,0.9344
0.3312863,0.9344
0.331509,0.9344
0.3317332,0.9353
0.331956,0.9353
0.3321788,0.9353
0.3324031,0.9362
0.3326258,0.9362
0.3328485,0.9362
0.3330712,0.9362
0.3332939,0.9362
0.3335167,0.9362
0.3337393,0.9362
0.3339621,0.9362
0.3341848,0.9362
0.3344076,0.9362
0.3346303,0.9362
0.334853,0.9363
0.3350757,0.9363
0.3352985,0.9363
0.3355211,0.9363
0.3357423,0.9354
0.3359651,0.9354
0.3361878,0.9354
0.3364104,0.9354
0.3366332,0.9354
0.3368559,0.9354
0.3370771,0.9344
0.3372998,0.9344
0.3375225,0.9344
0.3377452,0.9344
0.337968,0.9344
0.3381891,0.9337
0.3384119,0.9337
0.3386346,0.9337
0.3388557,0.9327
0.3390785,0.9327
0.3392995,0.9319
0.3395223,0.9319
0.339745,0.9319
0.3399662,0.931
0.3401889,0.931
0.3404117,0.9311
0.3406328,0.9302
0.3408555,0.9302
0.3410783,0.9302
0.341301,0.9302
0.3415237,0.9302
0.3417464,0.9302
0.3419691,0.9302
0.3421919,0.9302
0.3424146,0.9302
0.3426373,0.9302
0.3428601,0.9302
0.3430843,0.9311
0.3433086,0.932
0.3435329,0.9329
0.3437572,0.9337
0.3439799,0.9337
0.3442042,0.9346
0.344427,0.9346
0.3446497,0.9346
0.344874,0.9355
0.3450967,0.9355
0.345321,0.9364
0.3455453,0.9373
0.3457696,0.9382
0.3457711,0.9391
0.3459939,0.9391
0.3459954,0.9399
0.3462197,0.9407
0.346444,0.9417
0.3466667,0.9417
0.346891,0.9426
0.3471138,0.9426
0.3473365,0.9426
0.3475608,0.9435
0.3477835,0.9435
0.3480062,0.9435
0.3482288,0.9435
0.3484517,0.9435
0.3486743,0.9435
0.3488971,0.9435
0.3491198,0.9435
0.3493425,0.9435
0.3495653,0.9435
0.349788,0.9435
0.3500107,0.9435
0.3502334,0.9435
0.3504562,0.9435
0.3506789,0.9435
0.3509016,0.9435
0.3511243,0.9435
0.3513471,0.9435
0.3515713,0.9444
0.3517955,0.9453
0.3520184,0.9453
0.3522427,0.9462
0.3524654,0.9462
0.3526881,0.9462
0.3529123,0.9471
0.3531351,0.9471
0.3533578,0.9471
0.3535821,0.948
0.3538049,0.948
0.3540276,0.948
0.3542519,0.9489
0.3544746,0.9489
0.3546973,0.9489
0.3549216,0.9497
0.3551443,0.9498
0.355367,0.9498
0.3553686,0.9506
0.3555913,0.9506
0.3558141,0.9506
0.3560384,0.9515
0.356261,0.9515
0.3564838,0.9515
0.3567065,0.9515
0.3569292,0.9515
0.3571535,0.9524
0.3573763,0.9524
0.357599,0.9524
0.3578216,0.9524
0.3580444,0.9524
0.3582671,0.9524
0.3584914,0.9533
0.3587142,0.9533
0.3589369,0.9533
0.3591612,0.9542
0.3593839,0.9542
0.3596066,0.9542
0.3598309,0.955
0.3600536,0.955
0.3602764,0.955
0.3605007,0.956
0.3607234,0.956
0.3609461,0.956
0.3611703,0.9569
0.3613931,0.9569
0.3616158,0.9569
0.3618401,0.9578
0.3620629,0.9578
0.3622856,0.9578
0.3625099,0.9586
0.3627326,0.9586
0.3629553,0.9586
0.3631796,0.9596
0.3634022,0.9596
0.3636251,0.9596
0.3638477,0.9596
0.3640705,0.9596
0.3642932,0.9596
0.3645175,0.9605
0.3647402,0.9605
0.364963,0.9605
0.3651872,0.9613
0.36541,0.9613
0.3656327,0.9614
0.3658554,0.9614
0.3660781,0.9614
0.3663009,0.9614
0.3665236,0.9614
0.3667463,0.9614
0.3669689,0.9614
0.3671918,0.9614
0.3674144,0.9614
0.3676372,0.9614
0.3678615,0.9623
0.3680842,0.9623
0.3683069,0.9623
0.3685297,0.9623
0.3687524,0.9623
0.368975,0.9623
0.3691994,0.9632
0.3694221,0.9632
0.3696448,0.9632
0.3698676,0.9632
0.3700903,0.9632
0.370313,0.9632
0.3705356,0.9632
0.3707585,0.9632
0.3709811,0.9632
0.3712039,0.9632
0.3714266,0.9632
0.3716494,0.9632
0.3718721,0.9632
0.3720948,0.9632
0.3723175,0.9632
0.3725402,0.9632
0.372763,0.9632
0.3729857,0.9632
0.3732084,0.9632
0.3734311,0.9632
0.3736539,0.9632
0.3738766,0.9632
0.3740993,0.9632
0.374322,0.9632
0.3745448,0.9632
0.3747675,0.9632
0.3749902,0.9632
0.3752129,0.9633
0.3754356,0.9633
0.3756583,0.9633
0.3758811,0.9633
0.3761038,0.9633
0.3763265,0.9633
0.3765493,0.9633
0.376772,0.9633
0.3769947,0.9633
0.3772174,0.9633
0.3774401,0.9633
0.3776629,0.9633
0.3778856,0.9633
0.3781083,0.9633
0.378331,0.9633
0.3785537,0.9633
0.3787765,0.9633
0.3789992,0.9633
0.3792219,0.9633
0.3794447,0.9633
0.3796674,0.9633
0.3798901,0.9633
0.3801128,0.9633
0.3803355,0.9633
0.3805583,0.9633
0.380781,0.9633
0.3810037,0.9633
0.3812264,0.9633
0.3814492,0.9633
0.3816719,0.9633
0.3818946,0.9633
0.3821173,0.9634
0.3823401,0.9634
0.3825628,0.9634
0.3827854,0.9634
0.3830082,0.9634
0.3832309,0.9634
0.3834521,0.9625
0.3836747,0.9625
0.3838975,0.9625
0.3841203,0.9625
0.384343,0.9625
0.3845657,0.9625
0.3847884,0.9625
0.3850112,0.9625
0.3852339,0.9625
0.385455,0.9616
0.3856778,0.9616
0.3859005,0.9616
0.3861232,0.9617
0.3863458,0.9617
0.3865687,0.9617
0.3867913,0.9617
0.3870141,0.9617
0.3872368,0.9617
0.387458,0.9607
0.3876806,0.9607
0.3879034,0.9607
0.3881261,0.9607
0.3883489,0.9607
0.3885716,0.9607
0.3887943,0.9607
0.389017,0.9607
0.3892398,0.9607
0.3894625,0.9607
0.3896852,0.9607
0.3899079,0.9607
0.3901307,0.9607
0.3903534,0.9607
0.390576,0.9607
0.3907988,0.9607
0.3910215,0.9607
0.3912443,0.9607
0.391467,0.9607
0.3916897,0.9609
0.3919123,0.9609
0.3921352,0.9609
0.3923578,0.9609
0.3925806,0.9609
0.3928033,0.9609
0.3930261,0.9609
0.3932488,0.9609
0.3934715,0.9609
0.3936942,0.9609
0.3939169,0.9609
0.3941397,0.9609
0.3943624,0.9609
0.3945851,0.9609
0.3948077,0.9609
0.3950306,0.9609
0.3952533,0.9609
0.3954744,0.96
0.3956972,0.96
0.3959199,0.96
0.3961426,0.96
0.3963653,0.96
0.396588,0.96
0.3968108,0.96
0.3970335,0.9601
0.3972562,0.9601
0.3974788,0.9601
0.3977017,0.9601
0.3979243,0.9601
0.3981455,0.9592
0.3983683,0.9592
0.398591,0.9592
0.3988136,0.9592
0.3990364,0.9592
0.3992591,0.9592
0.3994819,0.9592
0.3997046,0.9592
0.3999273,0.9592
0.4001485,0.9583
0.4003712,0.9583
0.4005939,0.9583
0.4008167,0.9583
0.4010394,0.9583
0.4012621,0.9584
0.4014833,0.9575
0.401706,0.9575
0.4019287,0.9575
0.4021499,0.9566
0.4023726,0.9566
0.4025953,0.9566
0.402818,0.9566
0.4030407,0.9566
0.4032635,0.9566
0.4034862,0.9566
0.4037088,0.9566
0.4039301,0.9558
0.4041512,0.9548
0.4043739,0.9548
0.4045967,0.9548
0.4048194,0.9548
0.4050421,0.9548
0.4052633,0.954
0.405486,0.954
0.4057086,0.954
0.4059314,0.954
0.4061542,0.954
0.4063769,0.954
0.4065996,0.954
0.4068223,0.954
0.4070451,0.954
0.4072678,0.954
0.4074905,0.954
0.4077132,0.954
0.4079359,0.954
0.4081587,0.9541
0.4083814,0.9541
0.408604,0.9541
0.4088268,0.9541
0.4090496,0.9541
0.4092738,0.9548
0.4094966,0.955
0.4097193,0.955
0.409942,0.955
0.4101647,0.955
0.4103875,0.955
0.4106101,0.955
0.4108329,0.955
0.4110556,0.955
0.4112784,0.955
0.4115011,0.955
0.4117238,0.955
0.4119465,0.955
0.4121692,0.955
0.412392,0.955
0.4126147,0.955
0.4128374,0.955
0.4130601,0.955
0.4132844,0.9559
0.4135072,0.9559
0.4137299,0.9559
0.4139526,0.9559
0.4141753,0.9559
0.414398,0.9559
0.4146223,0.9567
0.4148451,0.9567
0.4150678,0.9567
0.4152921,0.9577
0.4155148,0.9577
0.4157375,0.9577
0.4159618,0.9586
0.4161844,0.9586
0.4164073,0.9586
0.4164088,0.9595
0.4166316,0.9595
0.4168558,0.9603
0.4170786,0.9603
0.4173013,0.9603
0.4175255,0.9612
0.4177483,0.9612
0.417971,0.9612
0.4181953,0.9621
0.418418,0.9621
0.4186408,0.9621
0.4188651,0.963
0.4190878,0.963
0.4190893,0.9639
0.4193136,0.9647
0.4193152,0.9657
0.4195394,0.9665
0.4197638,0.9674
0.4199865,0.9674
0.4202107,0.9683
0.4204335,0.9683
0.4206562,0.9683
0.4208805,0.9691
0.4211033,0.9691
0.421326,0.9691
0.4215503,0.9701
0.421773,0.9701
0.4219957,0.9701
0.42222,0.971
0.4224426,0.971
0.4226655,0.971
0.4228898,0.9719
0.4231125,0.9719
0.4233352,0.9719
0.4235594,0.9727
0.4237822,0.9727
0.4240049,0.9727
0.4242277,0.9727
0.4244504,0.9727
0.4246731,0.9727
0.4248974,0.9737
0.4251201,0.9737
0.4253444,0.9746
0.4255687,0.9754
0.4257913,0.9754
0.4260157,0.9763
0.4262384,0.9763
0.4264627,0.9771
0.4266855,0.9771
0.426687,0.9781
0.4269097,0.9781
0.4271325,0.9781
0.4273568,0.979
0.4275795,0.979
0.4278037,0.9799
0.4280265,0.9799
0.4282492,0.9799
0.4284735,0.9808
0.4286962,0.9808
0.4286978,0.9816
0.4289205,0.9816
0.4291432,0.9816
0.4293675,0.9825
0.4295903,0.9825
0.429813,0.9825
0.4300373,0.9834
0.43026,0.9834
0.4304827,0.9834
0.4307054,0.9834
0.4309282,0.9834
0.4311509,0.9834
0.4313736,0.9834
0.4315963,0.9834
0.4318191,0.9834
0.4320418,0.9835
0.4322645,0.9835
0.4324888,0.9843
0.4327115,0.9843
0.4329342,0.9843
0.433157,0.9843
0.4333797,0.9844
0.4336024,0.9844
0.4338251,0.9844
0.4340479,0.9844
0.4342706,0.9844
0.4344933,0.9844
0.434716,0.9844
0.4349403,0.9853
0.435163,0.9853
0.4353858,0.9853
0.4356101,0.9861
0.4358328,0.9861
0.4360555,0.9862
0.4362782,0.9862
0.4365009,0.9862
0.4367252,0.987
0.436948,0.987
0.4369495,0.9879
0.4371723,0.9879
0.437395,0.9879
0.4376193,0.9888
0.437842,0.9888
0.4380647,0.9888
0.4382873,0.9888
0.4385102,0.9888
0.4387328,0.9888
0.4389556,0.9888
0.4391783,0.9888
0.4394011,0.9888
0.4396253,0.9897
0.4398481,0.9897
0.4400708,0.9897
0.4402934,0.9897
0.4405162,0.9897
0.4407389,0.9897
0.4409617,0.9897
0.4411844,0.9897
0.4414071,0.9898
0.4416282,0.9889
0.441851,0.9889
0.4420737,0.9889
0.4422965,0.9889
0.4425192,0.9889
0.4427419,0.9889
0.4429646,0.9889
0.4431873,0.9889
0.4434101,0.9889
0.4436328,0.9889
0.4438555,0.9889
0.4440782,0.9889
0.444301,0.9889
0.4445237,0.9889
0.4447464,0.9889
0.4449691,0.9889
0.4451919,0.9889
0.4454146,0.9889
0.4456373,0.9889
0.4458599,0.9889
0.4460827,0.9889
0.4463054,0.9889
0.4465282,0.9889
0.4467492,0.9881
0.4469721,0.9881
0.4471948,0.9881
0.4474159,0.9872
0.4476387,0.9872
0.4478614,0.9872
0.4480841,0.9872
0.4483068,0.9872
0.4485295,0.9872
0.4487507,0.9863
0.4489734,0.9863
0.4491945,0.9855
0.4494173,0.9855
0.4496385,0.9846
0.4498612,0.9846
0.4500823,0.9837
0.4503051,0.9837
0.4505262,0.9828
0.4507489,0.9828
0.4509717,0.9828
0.4511944,0.9828
0.4514171,0.9828
0.4516398,0.9828
0.4518626,0.9828
0.4520853,0.9828
0.452308,0.9828
0.4525323,0.9838
0.452755,0.9838
0.4529777,0.9838
0.453202,0.9846
0.4534248,0.9846
0.4536475,0.9846
0.4538718,0.9855
0.4540945,0.9855
0.4543172,0.9855
0.4545415,0.9864
0.4547642,0.9864
0.454987,0.9864
0.4552112,0.9872
0.455434,0.9872
0.4556566,0.9872
0.4558794,0.9872
0.4561021,0.9872
0.4563249,0.9872
0.4565476,0.9872
0.4567703,0.9872
0.4569929,0.9872
0.4572158,0.9872
0.4574385,0.9872
0.4576612,0.9872
0.4578839,0.9874
0.4581066,0.9874
0.4583294,0.9874
0.4585521,0.9874
0.4587748,0.9874
0.4589975,0.9874
0.4592203,0.9874
0.459443,0.9874
0.4596657,0.9874
0.4598869,0.9865
0.4601096,0.9865
0.4603323,0.9865
0.4605535,0.9856
0.4607762,0.9856
0.4609989,0.9856
0.4612216,0.9856
0.4614444,0.9856
0.4616655,0.9848
0.4618881,0.9848
0.462111,0.9848
0.4623321,0.9839
0.4625533,0.983
0.4625548,0.9839
0.462776,0.983
0.4629971,0.9821
0.4632199,0.9821
0.463441,0.9813
0.4636637,0.9813
0.4638849,0.9804
0.464106,0.9795
0.4641076,0.9804
0.4643288,0.9795
0.4645499,0.9786
0.4647727,0.9786
0.4649938,0.9778
0.4652165,0.9778
0.4654377,0.9769
0.4656604,0.9769
0.4658831,0.9769
0.4661043,0.976
0.466327,0.976
0.4665497,0.976
0.4667709,0.9752
0.4669936,0.9752
0.4672163,0.9752
0.4674391,0.9752
0.4676618,0.9752
0.4678845,0.9752
0.4681057,0.9743
0.4683284,0.9743
0.4685511,0.9743
0.4687738,0.9743
0.4689965,0.9743
0.4692193,0.9743
0.469442,0.9743
0.4696646,0.9743
0.4698874,0.9743
0.4701102,0.9743
0.4703329,0.9743
0.4705556,0.9743
0.4707783,0.9743
0.4710011,0.9743
0.4712238,0.9743
0.4714465,0.9743
0.4716692,0.9743
0.4718919,0.9744
0.4721147,0.9744
0.4723374,0.9744
0.4725601,0.9744
0.4727828,0.9744
0.4730071,0.9752
0.4732298,0.9752
0.4734526,0.9752
0.4736753,0.9752
0.473898,0.9752
0.4741207,0.9752
0.4743435,0.9752
0.4745662,0.9752
0.4747889,0.9752
0.4750116,0.9752
0.4752344,0.9752
0.4754571,0.9752
0.4756798,0.9752
0.4759024,0.9752
0.4761252,0.9752
0.4763479,0.9752
0.4765707,0.9752
0.4767934,0.9752
0.4770161,0.9752
0.4772389,0.9752
0.4774616,0.9752
0.4776843,0.9752
0.477907,0.9752
0.4781298,0.9752
0.478354,0.9762
0.4785768,0.9762
0.4787995,0.9762
0.4790222,0.9762
0.4792449,0.9762
0.4794677,0.9762
0.4796904,0.9762
0.4799131,0.9762
0.4801358,0.9762
0.4803586,0.9762
0.4805813,0.9762
0.480804,0.9762
0.4810267,0.9762
0.4812494,0.9763
0.4814722,0.9763
0.4816949,0.9763
0.4819192,0.9771
0.4821419,0.9771
0.4823646,0.9771
0.4825874,0.9771
0.4828101,0.9771
0.4830328,0.9771
0.483257,0.978
0.4834798,0.978
0.4837025,0.978
0.4839253,0.9781
0.484148,0.9781
0.4843707,0.9781
0.4845934,0.9781
0.4848161,0.9781
0.4850389,0.9781
0.4852616,0.9781
0.4854843,0.9781
0.4857069,0.9781
0.4859313,0.979
0.4861541,0.979
0.4863768,0.979
0.4865995,0.979
0.4868222,0.979
0.4870449,0.979
0.4872692,0.9799
0.487492,0.9799
0.4877147,0.9799
0.487939,0.9808
0.4881617,0.9808
0.4883844,0.9808
0.4886087,0.9816
0.4888314,0.9816
0.4890557,0.9825
0.48928,0.9834
0.4895027,0.9834
0.4897269,0.9843
0.4899498,0.9843
0.4901724,0.9843
0.4903952,0.9843
0.4906179,0.9843
0.4908406,0.9843
0.4910649,0.9851
0.4912877,0.9851
0.4915104,0.9851
0.4917347,0.9861
0.4919574,0.9861
0.4921801,0.9861
0.4924043,0.987
0.4926271,0.987
0.4928498,0.987
0.4930742,0.9879
0.4932969,0.9879
0.4935196,0.9879
0.4937439,0.9888
0.4939666,0.9888
0.4941893,0.9888
0.4944121,0.9888
0.4946348,0.9888
0.4948575,0.9888
0.4950802,0.9888
0.495303,0.9888
0.4955257,0.9888
0.4957484,0.9888
0.495971,0.9888
0.4961938,0.9888
0.496415,0.9879
0.4966377,0.9879
0.4968604,0.9879
0.4970832,0.9879
0.4973059,0.9879
0.4975286,0.9879
0.4977513,0.9879
0.4979741,0.9879
0.4981952,0.987
0.4984163,0.9862
0.4986391,0.9862
0.4988618,0.9862
0.499083,0.9853
0.4993057,0.9853
0.4995284,0.9853
0.4997496,0.9844
0.4999723,0.9844
0.500195,0.9845
0.5004177,0.9845
0.5006404,0.9845
0.5008632,0.9845
0.5010859,0.9845
0.5013086,0.9845
0.5015314,0.9845
0.5017541,0.9845
0.5019768,0.9845
0.5021995,0.9845
0.5024222,0.9845
0.502645,0.9845
0.5028677,0.9845
0.5030904,0.9845
0.5033131,0.9845
0.5035359,0.9845
0.5037586,0.9845
0.5039813,0.9845
0.504204,0.9845
0.5044267,0.9845
0.5046495,0.9845
0.5048721,0.9845
0.5050949,0.9845
0.5053176,0.9845
0.5055404,0.9845
0.5057631,0.9845
0.5059858,0.9845
0.5062085,0.9845
0.5064313,0.9845
0.506654,0.9845
0.5068767,0.9845
0.5070994,0.9846
0.5073221,0.9846
0.5075449,0.9846
0.5077692,0.9854
0.5079919,0.9854
0.5082146,0.9854
0.5084373,0.9855
0.5086601,0.9855
0.5088828,0.9855
0.5091055,0.9855
0.5093282,0.9855
0.5095509,0.9855
0.5097737,0.9855
0.509998,0.9864
0.5102207,0.9864
0.5104434,0.9864
0.5106661,0.9864
0.5108904,0.9872
0.5111131,0.9872
0.5113359,0.9872
0.5115586,0.9872
0.5117829,0.9881
0.5120056,0.9881
0.5122283,0.9881
0.5124511,0.9882
0.5126753,0.9889
0.5128981,0.9889
0.5131208,0.9889
0.5133435,0.9889
0.5135662,0.9889
0.513789,0.9891
0.5140132,0.9899
0.514236,0.9899
0.5144586,0.9899
0.5146814,0.9899
0.5149041,0.9899
0.5151269,0.99
0.5153512,0.9908
0.5155739,0.9908
0.5157982,0.9917
0.5160209,0.9917
0.5160225,0.9926
0.5162452,0.9926
0.5164679,0.9926
0.5166922,0.9935
0.5169149,0.9935
0.5171376,0.9935
0.5173618,0.9944
0.5175847,0.9944
0.5178074,0.9944
0.5180317,0.9952
0.5182544,0.9952
0.5184771,0.9952
0.5187014,0.9962
0.5189241,0.9962
0.5191469,0.9962
0.5193711,0.9971
0.5195939,0.9971
0.5198166,0.9971
0.5200393,0.9971
0.520262,0.9971
0.5204848,0.9971
0.5207075,0.9971
0.5209302,0.9971
0.5211529,0.9971
0.5213757,0.9971
0.5215984,0.9971
0.5218211,0.9971
0.5220438,0.9971
0.5222681,0.998
0.5224908,0.998
0.5227136,0.998
0.5229363,0.998
0.523159,0.998
0.5233817,0.998
0.5236059,0.9989
0.5238287,0.9989
0.5240515,0.9989
0.5242758,0.9998
0.5244985,0.9998
0.5247212,0.9998
0.5249455,1.0007
0.5251682,1.0007
0.5253909,1.0007
0.5256152,1.0015
0.525838,1.0016
0.5260607,1.0016
0.526285,1.0024
0.5265077,1.0024
0.5267304,1.0024
0.5269546,1.0033
0.5271774,1.0033
0.5274002,1.0033
0.5276229,1.0033
0.5278456,1.0033
0.5280683,1.0033
0.528291,1.0033
0.5285152,1.0042
0.5287381,1.0042
0.5289607,1.0042
0.5291835,1.0042
0.5294062,1.0042
0.529629,1.0042
0.5298532,1.0051
0.530076,1.0051
0.5302987,1.0051
0.530523,1.006
0.5307457,1.006
0.5309684,1.006
0.5311927,1.0069
0.5314154,1.0069
0.5316397,1.0078
0.5318625,1.0078
0.5318639,1.0087
0.5320867,1.0087
0.5323094,1.0087
0.5325322,1.0087
0.5327532,1.0078
0.5327549,1.0087
0.5329745,1.0069